Ax,Ay,Az,Gx,Gy,Gz
0.6871358764648438,-0.1867477294921875,9.303867651367186,-2.267175572519084,-2.4122137404580153,0.5801526717557252
0.6631938598632812,-0.16759411621093748,9.30147344970703,-2.0229007633587788,-2.183206106870229,0.31297709923664124
0.6775590698242188,-0.0718260498046875,9.167398156738281,-2.145038167938931,-1.5877862595419847,0.5419847328244275
0.5099649536132812,-0.22744915771484372,9.287108239746093,-2.0229007633587788,-1.366412213740458,0.22900763358778625
0.40940848388671874,0.023942016601562498,9.342174877929686,-2.5114503816793894,-2.312977099236641,0.6564885496183206
0.5363011718749999,-0.2609679809570312,9.229647399902344,-2.1526717557251906,-2.8473282442748094,0.3816793893129771
0.7589619262695312,-0.02154781494140625,9.320627062988281,-2.312977099236641,-1.7938931297709924,0.7709923664122137
0.7230489013671875,-0.16280571289062498,9.18655177001953,-2.0763358778625953,-2.564885496183206,0.4961832061068702
0.9002198242187499,-0.11013327636718749,9.246406811523437,-2.145038167938931,-2.6106870229007635,0.4351145038167939
0.5985504150390625,-0.031124621582031248,9.356540087890625,-2.4885496183206106,-2.564885496183206,0.31297709923664124
0.4477157104492187,-0.17956512451171874,9.30147344970703,-2.2900763358778624,-3.0,0.5038167938931297
0.46208092041015625,0.05027823486328125,9.277531433105468,-2.1908396946564888,-3.3893129770992365,0.46564885496183206
0.6919242797851562,-0.32082302246093747,9.425971936035156,-2.122137404580153,-2.9160305343511452,1.7709923664122138
0.59376201171875,-0.201112939453125,9.373299499511718,-2.0,-3.404580152671756,0.5801526717557252
0.6105214233398437,-0.09576806640624999,10.601524951171875,-4.213740458015267,5.8396946564885495,-0.7099236641221374
1.1276689819335937,0.06464344482421874,8.966285217285156,-3.213740458015267,-7.282442748091603,0.37404580152671757
0.5363011718749999,-0.011971008300781249,9.129090930175781,-1.3358778625954197,3.0381679389312977,1.2061068702290076
0.3758896606445312,-0.16759411621093748,10.16338604736328,-2.687022900763359,-5.740458015267175,0.24427480916030533
0.469263525390625,-0.18914193115234373,8.74601866455078,-2.0,-7.0,0.5038167938931297
1.7621324218749999,0.12689268798828124,9.873687646484374,-2.816793893129771,3.282442748091603,0.022900763358778626
1.407790576171875,-0.33758243408203126,9.267954626464844,-2.2595419847328246,2.145038167938931,-0.061068702290076333
0.15562310791015624,-0.011971008300781249,6.5768719604492185,-1.1145038167938932,-8.625954198473282,1.4809160305343512
1.618480322265625,-0.28490999755859375,10.594342346191405,-2.5343511450381677,13.13740458015267,-0.6793893129770993
-0.296881005859375,0.5363011718749999,7.948749511718749,-3.5419847328244276,-13.603053435114504,1.0534351145038168
1.0534487304687499,-0.047884033203124995,10.014945544433592,-2.3053435114503817,2.6412213740458017,0.9694656488549618
0.9026140258789062,-0.4908113403320312,8.961496813964843,-1.6946564885496183,-2.763358778625954,-0.022900763358778626
0.277727392578125,0.00718260498046875,9.131485131835937,-1.900763358778626,-0.3435114503816794,1.183206106870229
0.9097966308593749,-0.105344873046875,9.885658654785155,-2.2900763358778624,-1.4274809160305344,-0.03816793893129771
0.5315127685546874,0.086191259765625,8.877699755859375,-2.2748091603053435,-3.3587786259541983,0.8015267175572519
0.6392518432617187,-0.32082302246093747,9.557653027343749,-2.114503816793893,0.08396946564885496,0.6259541984732825
0.430956298828125,-0.17956512451171874,9.236830004882812,-2.122137404580153,-3.7251908396946565,0.35877862595419846
0.565031591796875,-0.00239420166015625,9.234435803222656,-1.9465648854961832,-1.6793893129770991,0.9923664122137404
0.8068459594726562,-0.3016694091796875,9.370905297851563,-2.5267175572519083,-2.0076335877862594,0.17557251908396945
0.7015010864257812,-0.02154781494140625,9.011775048828124,-2.1526717557251906,-3.0076335877862594,0.9770992366412213
0.6296750366210937,-0.22266075439453123,9.411606726074218,-2.2442748091603053,-1.0610687022900764,0.1297709923664122
0.469263525390625,-0.062249243164062495,9.100360510253905,-2.2442748091603053,-2.9618320610687023,1.0381679389312977
0.4333505004882812,-0.15083470458984374,9.323021264648437,-2.099236641221374,-1.3893129770992367,0.3282442748091603
0.612915625,-0.09816226806640624,9.277531433105468,-2.2900763358778624,-2.4580152671755724,0.6564885496183206
0.6248866333007812,-0.11013327636718749,9.356540087890625,-2.2900763358778624,-1.2213740458015268,0.35877862595419846
0.6775590698242188,-0.19393033447265623,9.241618408203124,-1.984732824427481,-2.1755725190839694,0.8549618320610687
0.5530605834960938,-0.10773907470703124,9.22485899658203,-2.145038167938931,-2.114503816793893,0.40458015267175573
0.5410895751953124,-0.17477672119140625,9.349357482910156,-2.030534351145038,-2.2748091603053435,0.5648854961832062
0.4860229370117187,-0.1005564697265625,9.222464794921875,-2.2519083969465647,-2.4656488549618323,0.549618320610687
0.6727706665039062,-0.14125789794921875,9.358934289550781,-2.267175572519084,-1.6870229007633588,0.6335877862595419
0.7254431030273437,-0.17477672119140625,9.208099584960937,-2.1297709923664123,-2.3206106870229006,0.4580152671755725
0.6607996582031249,-0.086191259765625,9.279925634765624,-2.045801526717557,-1.366412213740458,1.381679389312977
0.814028564453125,-0.258573779296875,9.418789331054686,-2.282442748091603,-3.2519083969465647,-0.11450381679389313
0.09576806640624999,-0.43574470214843747,9.282319836425781,-3.1297709923664123,-6.305343511450381,4.0534351145038165
2.0638018310546875,-1.4317325927734375,9.074024291992187,-2.3282442748091605,-12.16030534351145,6.068702290076335
3.871424084472656,0.5003881469726562,10.175357055664062,-12.618320610687023,-19.82442748091603,-6.877862595419847
6.490680700683593,1.2114660400390624,7.410054138183593,-1.3206106870229009,-47.02290076335878,5.427480916030534
5.856217260742187,0.6536170532226562,5.588066674804687,5.740458015267175,-62.14503816793893,-4.33587786259542
-0.40940848388671874,-1.8363526733398436,14.832079284667968,-1.7404580152671756,73.91603053435115,-0.7557251908396947
3.6918589599609373,2.2385785522460937,17.563863378906248,3.0839694656488548,16.114503816793892,-21.541984732824428
3.9240965209960934,-5.57370146484375,0.9433154541015625,-5.961832061068702,-78.38931297709924,10.198473282442748
-2.877830395507812,-1.235408056640625,-3.2561142578125,-0.9770992366412213,-31.427480916030536,-0.7633587786259542
0.7015010864257812,0.48123453369140623,15.088258862304686,-1.1068702290076335,27.03053435114504,3.2290076335877864
4.735730883789063,0.42377369384765623,10.73799444580078,-11.557251908396946,-1.1908396946564885,-3.068702290076336
0.8978256225585937,0.4908113403320312,5.425260961914062,-1.099236641221374,-16.893129770992367,3.053435114503817
0.41898529052734373,-0.040701428222656245,8.781931689453124,0.6183206106870229,8.633587786259541,1.4809160305343512
0.7948749511718749,0.41419688720703124,9.102754711914063,-5.061068702290076,-7.129770992366412,2.2748091603053435
0.3806780639648437,-0.6200982299804687,9.406818322753905,-1.0534351145038168,-3.8625954198473282,1.702290076335878
0.8403647827148437,-0.5339069702148437,10.077194787597655,0.3282442748091603,1.5877862595419847,0.05343511450381679
0.689530078125,0.488417138671875,9.30147344970703,-3.8396946564885495,-13.48091603053435,0.32061068702290074
1.3263877197265623,-0.07900865478515624,8.571241943359375,-3.2977099236641223,0.2900763358778626,4.190839694656488
1.7453730102539062,1.0127473022460938,9.502586389160156,-1.9541984732824427,-0.8931297709923665,-0.17557251908396945
1.6232687255859375,0.603338818359375,8.789114294433594,-1.2748091603053435,-7.068702290076335,0.8549618320610687
0.6607996582031249,0.24899697265624998,8.415618835449218,3.4885496183206106,6.9465648854961835,3.068702290076336
-1.1061211669921875,0.076614453125,9.093177905273437,-1.2213740458015268,-8.068702290076336,-4.4961832061068705
2.9281086303710935,-0.44532150878906246,9.804255798339844,-2.015267175572519,-2.8702290076335877,4.679389312977099
0.5386953735351562,-0.028730419921875,9.414000927734374,-0.6641221374045801,-7.709923664122138,-0.1297709923664122
0.6392518432617187,0.24899697265624998,9.773131176757811,-3.427480916030534,-3.7404580152671754,-3.145038167938931
0.8092401611328125,0.6871358764648438,8.650250598144531,-5.061068702290076,-4.564885496183206,-0.6259541984732825
-0.3280056274414062,0.2561795776367187,9.70369932861328,-3.66412213740458,0.13740458015267176,3.3740458015267176
0.19393033447265623,0.3854664672851562,10.0748005859375,-3.595419847328244,-6.282442748091603,1.083969465648855
0.8259995727539062,-1.2497732666015624,9.399635717773437,-1.015267175572519,2.4580152671755724,-1.8625954198473282
0.6009446166992187,0.8667010009765624,10.038887561035155,-2.946564885496183,-7.480916030534351,0.9312977099236641
1.618480322265625,-0.33039982910156246,8.911218579101561,1.1221374045801527,3.931297709923664,0.24427480916030533
-1.0319009155273438,0.928950244140625,8.537723120117187,-4.015267175572519,-4.343511450381679,0.8625954198473282
0.9552864624023437,-0.10295067138671875,8.882488159179687,-3.351145038167939,-1.9923664122137406,-2.946564885496183
-0.11731588134765625,-0.0430956298828125,8.90643017578125,-1.549618320610687,-7.00763358778626,0.48854961832061067
1.0342951171875,0.7733271362304687,10.038887561035155,-4.702290076335878,-0.022900763358778626,-0.6717557251908397
0.2059013427734375,-0.00718260498046875,9.074024291992187,-3.0381679389312977,-6.427480916030534,2.5877862595419847
0.45010991210937495,-0.4860229370117187,9.832986218261718,-0.3511450381679389,5.1603053435114505,-0.25190839694656486
-0.18435352783203124,0.2561795776367187,8.99501563720703,-3.7480916030534353,-6.458015267175573,3.7099236641221376
1.1228805786132812,-0.02633621826171875,9.706093530273437,-2.687022900763359,7.038167938931298,3.3969465648854964
0.4285620971679687,-0.6105214233398437,9.3086560546875,-2.6030534351145036,-2.351145038167939,2.7480916030534353
0.9313444458007812,0.10773907470703124,9.409212524414063,-2.4427480916030535,5.267175572519084,2.381679389312977
0.6488286499023437,0.9552864624023437,9.397241516113281,-5.442748091603053,-5.412213740458015,1.8396946564885497
1.2138602416992186,-0.4213794921875,9.222464794921875,-3.3282442748091605,7.099236641221374,-0.916030534351145
0.07900865478515624,0.63206923828125,9.835380419921874,-3.7099236641221376,-6.908396946564886,4.854961832061068
1.1228805786132812,-0.6943184814453125,8.980650427246093,-1.213740458015267,2.786259541984733,-0.6717557251908397
0.33758243408203126,0.5267243652343749,9.516951599121093,-1.6488549618320612,-4.969465648854962,-1.465648854961832
1.1563994018554686,0.062249243164062495,9.229647399902344,0.549618320610687,-5.679389312977099,0.8396946564885496
0.4261678955078125,0.45968671875,8.655039001464843,-1.618320610687023,-2.4427480916030535,-1.8091603053435115
1.0319009155273438,0.82360537109375,9.665392102050781,-1.3511450381679388,-4.404580152671755,3.1755725190839694
0.8714894042968749,-0.19632453613281248,8.44674345703125,-2.717557251908397,-4.786259541984733,-2.687022900763359
1.2593500732421874,-0.201112939453125,9.588777648925781,-4.122137404580153,-0.04580152671755725,-2.549618320610687
1.1228805786132812,-0.28012159423828126,8.588001354980468,0.6259541984732825,-0.7709923664122137,7.587786259541985
-0.7326257080078125,-0.8403647827148437,9.277531433105468,-5.221374045801527,-13.969465648854962,-1.5038167938931297
0.8020575561523438,-0.3806780639648437,9.320627062988281,-0.2366412213740458,-4.603053435114504,-1.5267175572519085
0.51714755859375,-0.21787235107421873,9.121908325195312,0.648854961832061,-2.2519083969465647,-1.83206106870229
1.1180921752929687,0.21787235107421873,9.430760339355468,-4.122137404580153,-1.748091603053435,3.6717557251908395
0.8571241943359375,0.05027823486328125,9.631873278808593,-3.885496183206107,-8.900763358778626,0.6717557251908397
1.3910311645507811,-0.296881005859375,9.090783703613281,-0.7099236641221374,-2.122137404580153,0.03816793893129771
0.6631938598632812,0.30885201416015623,8.875305554199219,-2.267175572519084,0.061068702290076333,3.015267175572519
0.21308394775390624,-0.0143652099609375,9.418789331054686,-3.66412213740458,-4.412213740458015,1.816793893129771
0.33039982910156246,0.15322890625,8.815450512695312,-2.053435114503817,-2.66412213740458,2.8931297709923665
0.33039982910156246,-0.430956298828125,9.701305126953125,-0.9618320610687023,-4.129770992366412,-1.4809160305343512
1.426944189453125,0.7517793212890624,9.95987890625,-1.9083969465648856,1.549618320610687,3.5877862595419847
1.0989385620117187,-0.040701428222656245,8.418013037109375,-0.20610687022900764,-3.6259541984732824,5.083969465648855
0.5530605834960938,-0.36152445068359373,9.9981861328125,-1.6564885496183206,-0.8931297709923665,-3.7480916030534353
1.3383587280273437,0.8092401611328125,9.414000927734374,-1.6488549618320612,-6.786259541984733,-0.7557251908396947
1.3072341064453123,-0.16998831787109375,7.9295958984374995,-1.015267175572519,1.213740458015267,-2.404580152671756
1.1923124267578125,0.21787235107421873,8.992621435546875,0.25190839694656486,-15.778625954198473,-0.3282442748091603
2.370259643554687,-0.2154781494140625,9.124302526855468,3.2748091603053435,11.98473282442748,6.32824427480916
-0.13407529296874998,-0.6631938598632812,12.184092248535155,0.6946564885496184,-10.34351145038168,-0.9770992366412213
1.8363526733398436,0.05985504150390625,10.31661495361328,-3.045801526717557,-6.893129770992366,0.9618320610687023
1.455674609375,-0.7541735229492187,8.542511523437499,-2.145038167938931,4.442748091603053,0.022900763358778626
-0.3232172241210937,-0.5626373901367188,10.079588989257813,-2.5419847328244276,-5.603053435114504,5.091603053435114
0.737414111328125,-1.0199299072265624,10.005368737792969,-2.5877862595419847,-3.6106870229007635,1.8702290076335877
0.181959326171875,-0.2561795776367187,8.836998327636719,-2.381679389312977,2.0763358778625953,-2.4656488549618323
0.8212111694335937,0.6200982299804687,9.595960253906249,-3.717557251908397,-3.7251908396946565,4.0458015267175576
0.239420166015625,-0.8954314208984374,8.475473876953124,0.6641221374045801,3.1908396946564888,0.007633587786259542
0.4740519287109375,-0.1005564697265625,9.117119921875,-1.6717557251908397,-5.015267175572519,-0.7480916030534351
1.1516109985351561,0.05027823486328125,8.757989672851561,-2.3053435114503817,-3.114503816793893,-1.0534351145038168
0.7924807495117187,0.7206546997070312,8.84178673095703,-4.221374045801527,-2.618320610687023,0.2595419847328244
1.2689268798828124,0.5985504150390625,10.077194787597655,-4.259541984732825,-3.49618320610687,-0.4351145038167939
0.7230489013671875,0.16041151123046873,9.076418493652342,-3.404580152671756,-1.8091603053435115,2.7022900763358777
0.5746083984375,-0.41419688720703124,9.624690673828125,-1.6488549618320612,1.2061068702290076,0.29770992366412213
0.6153098266601562,-0.05985504150390625,9.323021264648437,-3.2061068702290076,-2.7480916030534353,2.5343511450381677
0.7493851196289062,0.21308394775390624,9.631873278808593,-2.6259541984732824,3.053435114503817,0.8244274809160306
0.5626373901367188,-0.4285620971679687,9.117119921875,-2.1908396946564888,-3.351145038167939,1.099236641221374
0.9265560424804687,0.4644751220703125,9.832986218261718,-1.9083969465648856,8.076335877862595,0.6793893129770993
0.29927520751953124,0.316034619140625,9.191340173339842,-6.297709923664122,-7.519083969465649,2.0610687022900764
1.3072341064453123,-0.3184288208007812,9.442731347656249,-3.404580152671756,9.916030534351146,3.4198473282442747
-0.32561142578124996,-0.5147533569335937,9.572018237304688,-4.412213740458015,-5.343511450381679,4.511450381679389
1.2018892333984375,-1.177947216796875,9.095572106933593,-2.4656488549618323,2.053435114503817,3.0763358778625953
0.14604630126953125,0.488417138671875,9.076418493652342,-3.633587786259542,-5.137404580152672,1.1221374045801527
0.9361328491210937,-0.7709329345703124,9.380482104492186,-0.2900763358778626,3.3893129770992365,-4.557251908396947
-0.34237083740234375,0.55545478515625,8.279149340820313,-2.7786259541984735,-6.595419847328245,1.015267175572519
0.8116343627929687,0.28012159423828126,9.117119921875,-0.5190839694656488,-2.8244274809160306,1.4198473282442747
0.7661445312499999,0.34715924072265625,9.483432775878907,-5.7251908396946565,2.7709923664122136,-0.4122137404580153
0.7589619262695312,-0.4070142822265625,9.555258825683593,-2.4885496183206106,1.3969465648854962,-1.4961832061068703
-0.23223756103515625,-0.2537853759765625,8.578424548339843,-0.6564885496183206,-4.4961832061068705,9.358778625954198
1.9488801513671874,0.8379705810546875,10.934318981933593,-7.587786259541985,-2.6946564885496183,0.4580152671755725
1.1420341918945311,-0.033518823242187495,10.141838232421874,-1.015267175572519,-3.6030534351145036,-1.717557251908397
1.7525556152343749,1.0989385620117187,9.279925634765624,-2.6564885496183206,-2.7099236641221376,-3.7099236641221376
0.45010991210937495,0.5770026000976562,8.590395556640624,-1.213740458015267,0.8778625954198473,-0.6183206106870229
-1.0917559570312498,0.0430956298828125,10.110713610839843,-2.8091603053435112,-9.82442748091603,1.534351145038168
1.915361328125,0.21068974609375,8.192958081054687,-1.7404580152671756,0.7099236641221374,-1.1450381679389312
0.9648632690429687,-0.38307226562499996,10.084377392578125,0.7022900763358778,-4.320610687022901,1.183206106870229
0.852335791015625,-0.0909796630859375,8.434772448730468,1.6946564885496183,-0.33587786259541985,2.618320610687023
0.12449848632812499,0.36631285400390623,10.28549033203125,-2.5877862595419847,-4.526717557251908,2.0
1.2378022583007813,-0.4070142822265625,9.085995300292968,-0.7938931297709924,-1.6412213740458015,0.6335877862595419
0.3399766357421875,-0.7637503295898437,9.050082275390624,-0.9007633587786259,-9.717557251908397,0.13740458015267176
0.430956298828125,-0.8834604125976562,8.40843623046875,1.8091603053435115,-2.8625954198473282,1.297709923664122
-0.18435352783203124,-0.02154781494140625,10.065223779296874,-1.3435114503816794,-10.34351145038168,3.5114503816793894
0.8667010009765624,-1.5059528442382812,8.549694128417968,-2.9389312977099236,-0.7862595419847328,-1.6946564885496183
-0.0430956298828125,-0.22266075439453123,8.968679418945312,0.7862595419847328,-4.778625954198473,2.5877862595419847
2.2481553588867187,-1.5753846923828123,9.859322436523437,-1.381679389312977,11.435114503816793,-5.221374045801527
-1.2593500732421874,0.5506663818359374,9.090783703613281,-4.229007633587786,-8.709923664122137,-3.519083969465649
1.8339584716796873,-0.3806780639648437,9.375693701171874,-2.099236641221374,10.099236641221374,-4.3816793893129775
-0.47884033203125,-0.5123591552734374,8.865728747558594,-1.816793893129771,-3.9160305343511452,-2.519083969465649
-0.3280056274414062,1.1228805786132812,7.45075556640625,-3.954198473282443,-7.114503816793893,0.1450381679389313
1.3862427612304686,0.5722141967773438,8.71489404296875,-5.847328244274809,2.1603053435114505,1.6030534351145038
0.2920926025390625,0.1292868896484375,9.70369932861328,-1.6641221374045803,-1.5267175572519085,3.267175572519084
0.7541735229492187,-1.4317325927734375,9.332598071289063,-1.6030534351145038,-3.1603053435114505,3.1068702290076335
1.0319009155273438,-0.22744915771484372,9.294290844726563,0.7938931297709924,2.381679389312977,0.7557251908396947
0.0383072265625,1.0773907470703123,9.696516723632811,-4.32824427480916,-6.6106870229007635,2.7709923664122136
1.68551796875,-0.06464344482421874,8.470685473632813,-3.549618320610687,0.6412213740458015,-0.4198473282442748
0.9624690673828125,-0.7134720947265625,9.773131176757811,-1.6106870229007633,-0.6946564885496184,3.6106870229007635
0.7852981445312499,-0.1484405029296875,8.966285217285156,-2.5801526717557253,-1.5648854961832062,-0.8320610687022901
0.28730419921875,0.2920926025390625,9.188945971679686,-3.7938931297709924,-4.099236641221374,2.786259541984733
1.2617442749023438,-0.48123453369140623,9.042899670410156,-2.50381679389313,-2.1297709923664123,2.648854961832061
0.1867477294921875,-0.25139117431640623,9.279925634765624,-2.717557251908397,-4.320610687022901,1.9541984732824427
0.9648632690429687,-0.82360537109375,8.939948999023438,-2.877862595419847,0.7786259541984732,-2.9236641221374047
1.0271125122070313,0.20829554443359374,8.980650427246093,-1.2213740458015268,-3.7251908396946565,0.8854961832061069
1.2473790649414063,-0.277727392578125,9.83777462158203,-3.7786259541984735,0.0,-0.8244274809160306
1.0630255371093749,0.13168109130859373,8.724470849609375,-2.7099236641221376,-6.770992366412214,-2.030534351145038
2.0278888061523435,-0.1484405029296875,9.117119921875,-1.2748091603053435,-2.9236641221374047,2.1526717557251906
0.51714755859375,0.622492431640625,9.318232861328125,-6.183206106870229,-3.6106870229007635,0.9694656488549618
2.0542250244140625,-0.15322890625,9.947907897949218,-3.9770992366412212,3.2213740458015265,0.9312977099236641
-0.13646949462890623,0.023942016601562498,9.325415466308593,-5.076335877862595,-5.687022900763359,-1.8473282442748091
1.8626888916015625,-0.10773907470703124,9.368511096191405,-0.31297709923664124,-1.2671755725190839,-0.8244274809160306
0.45968671875,-0.2561795776367187,9.744400756835937,-0.7404580152671756,-5.8396946564885495,-1.6793893129770991
1.4053963745117186,0.4429273071289062,9.315838659667968,1.2900763358778626,-7.717557251908397,-0.8702290076335878
0.47644613037109373,-0.6823474731445313,9.334992272949219,-0.022900763358778626,9.717557251908397,-2.6259541984732824
-0.8092401611328125,0.7876923461914062,8.422801440429687,-3.7709923664122136,-3.595419847328244,4.122137404580153
0.16280571289062498,-1.7477672119140624,9.816226806640625,-0.9083969465648855,5.862595419847328,-3.381679389312977
0.00718260498046875,0.411802685546875,8.391676818847655,-5.320610687022901,-12.648854961832061,0.9923664122137404
1.7669208251953124,0.6009446166992187,10.828974108886719,-7.648854961832061,6.793893129770993,2.6259541984732824
-0.02154781494140625,-1.0486603271484374,9.351751684570312,-1.549618320610687,-5.290076335877862,-0.648854961832061
1.1252747802734375,-1.0271125122070313,8.566453540039062,-0.4122137404580153,-1.9236641221374047,-3.801526717557252
0.3399766357421875,0.47644613037109373,8.8872765625,-1.0076335877862594,-5.679389312977099,0.183206106870229
0.9361328491210937,0.3184288208007812,9.368511096191405,-5.916030534351145,-0.3816793893129771,1.3893129770992367
0.6679822631835937,0.047884033203124995,7.5537062377929685,-4.717557251908397,-7.297709923664122,3.3206106870229006
0.842758984375,-0.9552864624023437,10.36210478515625,-0.5648854961832062,2.6717557251908395,-0.8396946564885496
0.7445967163085937,0.23702596435546874,8.080430603027343,-1.0763358778625953,-4.442748091603053,0.5572519083969466
0.7900865478515624,0.4261678955078125,9.117119921875,-2.7404580152671754,-2.7709923664122136,-1.3206106870229009
1.13006318359375,0.14125789794921875,8.84178673095703,-2.6106870229007635,-4.534351145038168,4.557251908396947
0.35673604736328124,-0.023942016601562498,9.524134204101562,-0.7633587786259542,-7.106870229007634,2.2748091603053435
0.4836287353515625,-0.13168109130859373,9.050082275390624,-2.2595419847328246,-2.030534351145038,5.2748091603053435
1.467645617675781,0.16280571289062498,9.674968908691406,-2.8625954198473282,-6.137404580152672,7.793893129770993
0.6655880615234374,-0.45489831542968745,8.537723120117187,-0.549618320610687,-1.9465648854961832,3.3893129770992365
0.239420166015625,-0.6248866333007812,10.91037696533203,-1.5419847328244274,-2.9923664122137406,3.9236641221374047
1.01514150390625,-0.5746083984375,9.145850341796875,-5.442748091603053,3.114503816793893,2.4732824427480917
0.16041151123046873,-0.2154781494140625,9.775525378417969,0.16793893129770993,-10.778625954198473,1.3129770992366412
2.540247961425781,-0.0430956298828125,9.047688073730468,-0.17557251908396945,9.648854961832061,8.610687022900763
0.33518823242187495,-0.7445967163085937,10.694898815917968,0.007633587786259542,-14.213740458015268,3.519083969465649
0.9409212524414062,-0.7278373046875,9.516951599121093,0.366412213740458,-0.5419847328244275,4.480916030534351
1.0558429321289062,0.229843359375,8.908824377441405,-1.3969465648854962,-7.854961832061068,0.2595419847328244
1.0319009155273438,0.23223756103515625,9.612719665527344,-2.816793893129771,-9.0,5.236641221374046
1.3958195678710936,-0.45010991210937495,9.018957653808593,-1.984732824427481,-3.564885496183206,1.9541984732824427
0.0143652099609375,-0.24660277099609373,9.445125549316407,-0.6106870229007634,-3.954198473282443,2.717557251908397
0.9121908325195311,0.23223756103515625,9.507374792480467,-1.3893129770992367,-0.8931297709923665,2.0916030534351147
0.8355763793945312,-0.39743747558593745,8.609549169921875,1.1221374045801527,-3.854961832061069,-0.4122137404580153
1.1851298217773436,0.6081272216796875,8.769960681152343,-2.1526717557251906,-0.40458015267175573,-2.0916030534351147
0.93852705078125,0.36391865234375,9.382876306152344,-2.3053435114503817,-7.786259541984733,0.366412213740458
1.1061211669921875,0.5626373901367188,9.433154541015625,-3.236641221374046,2.969465648854962,-0.44274809160305345
0.9217676391601562,-0.15562310791015624,9.303867651367186,-3.0229007633587788,-2.8931297709923665,-1.1145038167938932
0.3687070556640625,-0.7206546997070312,9.119514123535156,-0.12213740458015267,-2.7480916030534353,1.1221374045801527
0.1197100830078125,0.22266075439453123,9.471461767578125,-1.8549618320610688,-2.9923664122137406,-1.1068702290076335
0.258573779296875,-0.36631285400390623,8.954314208984375,-2.6564885496183206,-1.2061068702290076,0.37404580152671757
0.5099649536132812,-0.1867477294921875,9.576806640625,-0.8091603053435115,-1.0229007633587786,0.9770992366412213
0.6248866333007812,-0.23223756103515625,9.334992272949219,-1.5190839694656488,3.6564885496183206,0.24427480916030533
-0.229843359375,-0.086191259765625,9.502586389160156,-3.9389312977099236,0.5190839694656488,2.1755725190839694
-0.3184288208007812,-0.02154781494140625,9.394847314453125,-3.854961832061069,-4.679389312977099,1.083969465648855
0.06464344482421874,-0.6464344482421874,9.516951599121093,-2.0076335877862594,6.519083969465649,1.6030534351145038
0.24899697265624998,-0.0143652099609375,9.514557397460937,-3.16793893129771,-3.786259541984733,1.9923664122137406
0.5793968017578125,-1.1659762084960936,8.932766394042968,-1.549618320610687,1.5877862595419847,5.6183206106870225
-0.14604630126953125,0.3591302490234375,10.098742602539062,-4.374045801526718,0.48854961832061067,1.5801526717557253
0.6871358764648438,-0.4429273071289062,8.839392529296875,-0.4961832061068702,4.923664122137405,-2.0
-0.8020575561523438,-0.1149216796875,8.686163623046875,-2.030534351145038,-6.198473282442748,1.633587786259542
0.8259995727539062,-0.229843359375,9.138667736816405,-1.4732824427480915,3.8396946564885495,3.2442748091603053
-0.7613561279296874,0.40222587890625,8.863334545898438,-5.358778625954199,-6.572519083969466,4.778625954198473
1.0941501586914062,-2.6910826660156246,9.481038574218749,1.5725190839694656,6.1679389312977095,-2.5114503816793894
0.32561142578124996,0.8068459594726562,9.323021264648437,-6.358778625954199,-15.526717557251908,2.2900763358778624
1.8938135131835936,-0.258573779296875,9.145850341796875,-4.763358778625954,2.8396946564885495,-0.5114503816793893
-0.28012159423828126,-0.5027823486328125,10.098742602539062,-3.404580152671756,2.7099236641221376,-1.6106870229007633
1.5251064575195312,-0.9026140258789062,8.702923034667968,0.8091603053435115,6.32824427480916,-2.0610687022900764
0.3687070556640625,0.5817910034179687,9.083601098632812,1.251908396946565,-2.7022900763358777,-0.31297709923664124
1.5921441040039062,1.0271125122070313,8.896853369140624,-3.2900763358778624,-2.0763358778625953,0.4961832061068702
0.7278373046875,-0.10773907470703124,7.7787611938476555,-6.259541984732825,-4.549618320610687,1.8931297709923665
1.5538368774414062,-0.17956512451171874,8.731653454589843,1.5114503816793894,2.946564885496183,-0.7099236641221374
0.16041151123046873,0.9241618408203125,8.858546142578124,-2.50381679389313,-2.1297709923664123,-0.9389312977099237
1.707065783691406,0.5410895751953124,8.935160595703124,-3.8473282442748094,3.0839694656488548,-1.5114503816793894
0.9002198242187499,0.19871873779296872,8.604760766601562,-2.5419847328244276,2.2595419847328246,-0.4351145038167939
1.37906015625,-0.2609679809570312,8.501810095214843,-1.748091603053435,-8.229007633587786,-0.4198473282442748
0.45010991210937495,0.21787235107421873,8.853757739257812,-6.015267175572519,-1.0534351145038168,-2.931297709923664
1.4508862060546874,0.5482721801757812,9.593566052246093,-5.2748091603053435,3.3282442748091605,3.0
0.2346317626953125,-0.028730419921875,8.135497241210937,-2.9923664122137406,-4.038167938931298,-0.7709923664122137
0.18435352783203124,0.05985504150390625,10.874463940429687,-3.0839694656488548,-11.793893129770993,2.595419847328244
0.2346317626953125,0.4213794921875,8.432378247070313,-4.862595419847328,11.335877862595419,1.7938931297709924
-0.0909796630859375,-0.8116343627929687,9.504980590820312,-1.4885496183206106,1.534351145038168,2.1603053435114505
-0.258573779296875,-0.7326257080078125,7.4603323730468745,1.7786259541984732,-1.3587786259541985,6.938931297709924
-0.4429273071289062,0.30885201416015623,7.484274389648437,1.4885496183206106,-0.04580152671755725,7.015267175572519
1.448492004394531,-0.9121908325195311,9.287108239746093,0.06870229007633588,3.2442748091603053,1.465648854961832
0.93852705078125,-0.2825157958984375,8.315062365722655,-0.7633587786259542,-9.358778625954198,2.0916030534351147
1.2832920898437499,0.47165772705078124,9.227253198242186,-2.717557251908397,-4.541984732824427,1.9618320610687023
1.4939818359375,-0.9840168823242187,8.923189587402343,-2.1908396946564888,-3.854961832061069,2.8396946564885495
0.5003881469726562,-0.6943184814453125,8.846575134277343,-2.0,-4.404580152671755,0.4732824427480916
0.7278373046875,0.3016694091796875,8.82263311767578,-1.297709923664122,-1.4809160305343512,1.8854961832061068
0.3591302490234375,-0.4261678955078125,8.827421520996094,-1.0076335877862594,-6.564885496183206,0.6106870229007634
0.603338818359375,-0.2442085693359375,8.489839086914062,-0.648854961832061,-1.1755725190839694,-2.1526717557251906
0.430956298828125,-0.19871873779296872,9.555258825683593,-2.480916030534351,-11.893129770992367,-0.2824427480916031
1.0702081420898437,-0.34715924072265625,9.366116894531249,-2.633587786259542,0.7862595419847328,-1.7938931297709924
0.0718260498046875,-0.09816226806640624,9.567229833984374,-3.8931297709923665,-2.946564885496183,-2.3435114503816794
0.44053310546874996,-0.4572925170898437,8.633491186523438,-0.7938931297709924,2.1908396946564888,1.450381679389313
-0.16041151123046873,0.08140285644531249,10.481814868164061,-2.236641221374046,-4.786259541984733,-1.8854961832061068
0.6727706665039062,-0.5722141967773438,8.650250598144531,-0.37404580152671757,-4.076335877862595,2.931297709923664
0.8116343627929687,-0.076614453125,8.78432589111328,-1.7099236641221374,-2.2977099236641223,2.854961832061069
0.507570751953125,-0.4644751220703125,9.464279162597656,-2.6412213740458017,-0.8549618320610687,-1.381679389312977
0.5051765502929687,-0.3112462158203125,9.239224206542968,-2.5572519083969465,5.679389312977099,-2.198473282442748
0.009576806640625,0.49799394531249996,8.851363537597656,-4.99236641221374,-8.183206106870228,-1.534351145038168
0.6727706665039062,-0.06703764648437499,8.499415893554687,-3.763358778625954,7.3893129770992365,-2.351145038167939
-0.033518823242187495,-0.32561142578124996,9.581595043945311,-3.5267175572519083,-2.885496183206107,1.916030534351145
1.1540052001953125,0.430956298828125,9.17458076171875,-2.4122137404580153,4.854961832061068,-3.236641221374046
0.09576806640624999,0.45489831542968745,9.490615380859374,-3.3893129770992365,-4.145038167938932,-2.0839694656488548
1.7405846069335937,0.0,8.315062365722655,0.816793893129771,4.549618320610687,-4.198473282442748
0.34237083740234375,0.40940848388671874,8.501810095214843,-3.2977099236641223,-4.694656488549619,-2.6564885496183206
1.0606313354492187,0.5889736083984375,9.423577734375,-0.29770992366412213,-6.778625954198473,0.48091603053435117
0.17238251953125,0.7230489013671875,8.556876733398436,-5.786259541984733,1.7557251908396947,1.916030534351145
0.5506663818359374,-0.814028564453125,9.318232861328125,-0.7022900763358778,5.236641221374046,-4.145038167938932
0.5123591552734374,0.5722141967773438,9.612719665527344,-3.2442748091603053,-4.305343511450381,9.213740458015268
0.5626373901367188,-0.40940848388671874,9.967061511230469,-6.648854961832061,2.0610687022900764,-0.022900763358778626
0.023942016601562498,-1.438915197753906,9.337386474609374,-1.0076335877862594,-11.564885496183207,2.053435114503817
-0.27293898925781246,0.8571241943359375,9.6151138671875,-4.152671755725191,-5.6183206106870225,2.404580152671756
0.4429273071289062,0.03591302490234375,8.437166650390624,-2.564885496183206,2.595419847328244,2.4198473282442747
0.9720458740234375,0.009576806640625,8.279149340820313,-3.6030534351145036,-7.145038167938932,-1.4045801526717556
1.235408056640625,-0.4213794921875,8.839392529296875,3.8473282442748094,0.48854961832061067,-0.8702290076335878
1.1228805786132812,0.46208092041015625,9.035717065429687,-0.7099236641221374,-2.763358778625954,1.3511450381679388
1.39821376953125,0.6703764648437499,8.743624462890624,-2.877862595419847,0.3511450381679389,-0.4351145038167939
0.9792284790039062,-0.18914193115234373,8.801085302734375,-1.4885496183206106,2.5419847328244276,2.404580152671756
0.5722141967773438,0.3327940307617187,8.66940421142578,-0.8625954198473282,-11.381679389312977,0.7709923664122137
0.5770026000976562,-0.17238251953125,9.181763366699219,-3.8625954198473282,-2.450381679389313,0.8473282442748091
1.1061211669921875,0.8810662109374999,9.823409411621093,-4.015267175572519,4.305343511450381,3.801526717557252
0.45489831542968745,0.17477672119140625,8.267178332519531,-5.099236641221374,-6.755725190839694,0.12213740458015267
1.0965443603515623,0.51714755859375,9.765948571777344,-3.1068702290076335,-9.541984732824428,2.122137404580153
0.7398083129882812,-0.5410895751953124,8.475473876953124,-3.1374045801526718,6.854961832061068,1.1221374045801527
0.7829039428710937,-0.7685387329101562,9.919177478027343,-4.450381679389313,-1.2748091603053435,-3.4580152671755724
1.0462661254882812,0.5889736083984375,8.645462194824217,-1.4885496183206106,0.8244274809160306,5.099236641221374
-0.1484405029296875,0.7589619262695312,8.453926062011718,-2.1526717557251906,-8.19083969465649,3.267175572519084
0.16280571289062498,-0.6344634399414062,8.954314208984375,0.4732824427480916,3.946564885496183,3.564885496183206
0.277727392578125,-1.426944189453125,9.241618408203124,-2.236641221374046,-4.870229007633588,1.0687022900763359
1.1133037719726562,0.7805097412109374,9.205705383300781,-2.564885496183206,-6.083969465648855,3.8244274809160306
1.16837041015625,-1.43652099609375,9.409212524414063,-2.3740458015267176,-4.854961832061068,2.816793893129771
1.4820108276367188,-0.011971008300781249,8.760383874511719,-1.7938931297709924,-2.5419847328244276,1.2290076335877862
1.8626888916015625,-1.419761584472656,8.966285217285156,0.33587786259541985,-0.31297709923664124,0.7786259541984732
1.0175357055664063,-0.031124621582031248,9.160215551757812,1.5725190839694656,-4.458015267175573,0.6717557251908397
1.915361328125,-0.32082302246093747,8.12113203125,-1.6564885496183206,-6.251908396946565,0.007633587786259542
1.1563994018554686,0.3950432739257812,9.823409411621093,-2.5572519083969465,-6.854961832061068,1.251908396946565
1.936909143066406,0.45968671875,8.597578161621094,-3.0763358778625953,0.8015267175572519,-0.40458015267175573
0.7757213378906249,-0.3280056274414062,10.053252770996092,-2.312977099236641,2.9770992366412212,3.0
0.6009446166992187,-0.6847416748046875,8.798691101074219,-0.6641221374045801,-1.6412213740458015,3.5801526717557253
0.4429273071289062,-0.35673604736328124,9.433154541015625,-1.8854961832061068,-4.687022900763359,2.1755725190839694
0.4740519287109375,-0.22744915771484372,8.99501563720703,-1.4122137404580153,-2.3053435114503817,-0.44274809160305345
0.07900865478515624,-0.2825157958984375,9.124302526855468,0.24427480916030533,-2.8091603053435112,4.877862595419847
1.139639990234375,-0.296881005859375,8.633491186523438,-0.6564885496183206,0.32061068702290074,-2.5343511450381677
0.28730419921875,0.0,9.253589416503905,-2.8396946564885495,-3.4122137404580153,-2.786259541984733
1.3646949462890625,-0.48123453369140623,9.083601098632812,-1.4732824427480915,-4.2748091603053435,0.0916030534351145
0.9457096557617187,-0.39983167724609375,7.874529260253905,-3.3053435114503817,-1.9618320610687023,0.183206106870229
1.8722656982421875,-0.411802685546875,10.20887587890625,-3.053435114503817,-6.763358778625954,0.9923664122137404
1.7094599853515624,0.4429273071289062,8.621520178222656,-4.893129770992366,6.9541984732824424,-6.3816793893129775
0.16759411621093748,-0.28730419921875,10.144232434082031,-3.2900763358778624,-3.8931297709923665,2.351145038167939
0.9744400756835937,-0.7900865478515624,9.07163009033203,-1.5419847328244274,-4.67175572519084,-2.3206106870229006
-0.5243301635742187,-0.8547299926757812,9.126696728515624,-1.8778625954198473,-9.01526717557252,3.068702290076336
0.5506663818359374,-0.41419688720703124,9.368511096191405,-1.8931297709923665,7.1679389312977095,-2.50381679389313
-1.5394716674804687,0.38307226562499996,7.893682873535155,0.09923664122137404,-0.8396946564885496,4.702290076335878
-1.1013327636718748,-0.8379705810546875,10.536881506347656,-4.488549618320611,-6.404580152671755,-2.427480916030534
0.33758243408203126,0.24899697265624998,8.614337573242187,-0.816793893129771,3.9389312977099236,2.4122137404580153
-1.697488977050781,0.07422025146484375,8.650250598144531,-2.16793893129771,-16.786259541984734,-1.2366412213740459
0.3854664672851562,-0.0383072265625,9.169792358398437,-3.381679389312977,-2.8396946564885495,-2.1374045801526718
0.4429273071289062,0.00239420166015625,9.923965881347655,-2.114503816793893,-1.8091603053435115,1.6412213740458015
0.7733271362304687,-0.1771709228515625,9.162609753417968,-2.3893129770992365,-0.9465648854961832,-1.3893129770992367
0.8978256225585937,1.0295067138671874,9.205705383300781,-3.717557251908397,-4.908396946564886,1.9541984732824427
1.695094775390625,-0.19153613281249998,10.575188732910156,-5.122137404580153,-0.22900763358778625,-2.618320610687023
2.013523596191406,0.05985504150390625,8.33182177734375,-2.549618320610687,-9.969465648854962,3.687022900763359
1.484405029296875,-0.5698199951171875,8.710105639648438,0.3282442748091603,-1.8778625954198473,3.0916030534351147
1.6424223388671875,0.181959326171875,10.333374365234375,-3.7786259541984735,2.4732824427480917,0.45038167938931295
0.16759411621093748,-0.4333505004882812,8.710105639648438,-1.9083969465648856,-3.4732824427480917,-3.1603053435114505
0.44053310546874996,0.9648632690429687,9.801861596679688,-3.572519083969466,-1.2671755725190839,-0.48854961832061067
0.70868369140625,0.13646949462890623,9.26316622314453,-3.198473282442748,-5.480916030534351,-0.8015267175572519
0.17956512451171874,-0.296881005859375,9.229647399902344,-2.969465648854962,-1.717557251908397,0.2824427480916031
0.1149216796875,-0.3280056274414062,9.536105212402344,-2.549618320610687,-2.0229007633587788,2.1755725190839694
0.430956298828125,-0.4429273071289062,8.949525805664061,-2.2748091603053435,-2.9160305343511452,1.5038167938931297
1.1875240234375,-0.07900865478515624,9.469067565917967,-3.7709923664122136,-1.6641221374045803,-0.24427480916030533
1.5777788940429687,-0.2920926025390625,9.509768994140625,-2.114503816793893,-0.4732824427480916,0.7786259541984732
1.1923124267578125,-0.143652099609375,8.954314208984375,1.213740458015267,0.09923664122137404,-0.3893129770992366
1.1563994018554686,0.22744915771484372,9.85692823486328,-4.129770992366412,-0.44274809160305345,-0.732824427480916
1.3455413330078123,-0.13646949462890623,9.018957653808593,-1.1145038167938932,-0.26717557251908397,-1.1984732824427482
1.1061211669921875,-0.11013327636718749,9.143456140136719,0.2595419847328244,-1.8396946564885497,-0.6412213740458015
0.24660277099609373,0.33039982910156246,10.398017810058594,-2.1526717557251906,-2.8091603053435112,0.916030534351145
0.814028564453125,0.15083470458984374,8.980650427246093,1.7404580152671756,-0.4732824427480916,-0.5648854961832062
-2.4851813232421875,0.2825157958984375,8.681375219726561,-3.099236641221374,0.17557251908396945,-5.534351145038168
-2.882618798828125,0.4860229370117187,9.617508068847656,-3.49618320610687,-1.8854961832061068,-3.3206106870229006
-1.8626888916015625,-0.08858546142578125,9.440337145996093,-3.267175572519084,-5.519083969465649,1.8931297709923665
-0.9600748657226562,-0.5889736083984375,9.279925634765624,-2.0,-9.007633587786259,-0.29770992366412213
0.9576806640625,0.2825157958984375,10.635043774414061,-0.42748091603053434,-9.885496183206106,-3.015267175572519
2.0638018310546875,0.8116343627929687,9.363722692871093,-6.1603053435114505,2.015267175572519,1.7251908396946565
0.9097966308593749,0.51714755859375,9.801861596679688,-2.8702290076335877,-1.1297709923664123,-0.3816793893129771
1.5753846923828123,-1.2282254516601563,9.830592016601562,0.10687022900763359,-0.4732824427480916,-1.1068702290076335
1.3670891479492187,0.6344634399414062,9.200916979980468,-3.0,-5.786259541984733,-2.480916030534351
1.1061211669921875,0.04548983154296875,9.081206896972656,-3.366412213740458,-1.1526717557251909,0.20610687022900764
1.7022773803710936,-0.105344873046875,9.03332286376953,-2.1297709923664123,-5.015267175572519,-0.31297709923664124
1.5586252807617187,-0.07422025146484375,9.291896643066405,-1.7251908396946565,0.6106870229007634,0.816793893129771
1.0079588989257813,-0.0718260498046875,9.229647399902344,-2.351145038167939,-1.2595419847328244,1.2290076335877862
0.40462008056640625,-0.4860229370117187,10.582371337890624,-2.0229007633587788,-2.648854961832061,0.3435114503816794
0.6727706665039062,0.0,9.011775048828124,-2.3282442748091605,-1.4045801526717556,0.015267175572519083
0.22026655273437498,-0.1867477294921875,9.476250170898437,-2.198473282442748,-1.5190839694656488,0.0916030534351145
0.4644751220703125,-0.1580173095703125,9.22485899658203,-2.0229007633587788,-2.9770992366412212,0.3816793893129771
0.852335791015625,-0.09816226806640624,9.289502441406249,-2.3969465648854964,-2.1297709923664123,0.08396946564885496
1.1156979736328125,-0.2753331909179687,9.22485899658203,-2.0610687022900764,-2.8625954198473282,0.9083969465648855
1.199495031738281,-0.09337386474609374,9.337386474609374,-2.030534351145038,-1.8244274809160306,0.6106870229007634
1.0678139404296874,-0.09337386474609374,9.17458076171875,-2.16793893129771,-2.0076335877862594,0.8396946564885496
0.7876923461914062,-0.143652099609375,9.229647399902344,-2.0076335877862594,-1.7786259541984732,0.6641221374045801
0.6153098266601562,-0.086191259765625,9.349357482910156,-2.2061068702290076,-1.4885496183206106,0.40458015267175573
0.5219359619140624,-0.16280571289062498,9.277531433105468,-2.236641221374046,-2.068702290076336,0.6717557251908397
0.5626373901367188,-0.23223756103515625,9.394847314453125,-2.3053435114503817,-2.3740458015267176,0.3282442748091603
0.8547299926757812,-0.18914193115234373,9.267954626464844,-2.114503816793893,-2.595419847328244,0.13740458015267176
1.0079588989257813,-0.040701428222656245,9.246406811523437,-2.2595419847328246,-2.1603053435114505,0.8473282442748091
1.0582371337890624,-0.1005564697265625,9.282319836425781,-2.16793893129771,-1.7633587786259541,0.4580152671755725
0.8667010009765624,-0.17956512451171874,9.176974963378905,-1.9694656488549618,-1.748091603053435,0.3816793893129771
0.6655880615234374,-0.1005564697265625,9.30147344970703,-2.2442748091603053,-1.4885496183206106,0.8396946564885496
0.5363011718749999,-0.18914193115234373,9.291896643066405,-2.3282442748091605,-2.33587786259542,0.6335877862595419
0.5363011718749999,-0.18914193115234373,9.337386474609374,-2.145038167938931,-2.4580152671755724,0.3969465648854962
0.82360537109375,-0.20350714111328125,9.272743029785156,-2.099236641221374,-2.2595419847328246,-0.05343511450381679
0.9433154541015625,-0.0383072265625,9.303867651367186,-2.236641221374046,-2.312977099236641,0.8396946564885496
0.9983820922851562,-0.09816226806640624,9.320627062988281,-2.1603053435114505,-1.7786259541984732,0.3893129770992366
0.8978256225585937,-0.16519991455078123,9.30147344970703,-2.122137404580153,-1.5648854961832062,0.44274809160305345
0.6775590698242188,-0.06703764648437499,9.311050256347656,-2.145038167938931,-1.8549618320610688,1.0534351145038168
0.584185205078125,-0.17956512451171874,9.253589416503905,-2.3740458015267176,-2.213740458015267,0.3053435114503817
0.6775590698242188,-0.22026655273437498,9.241618408203124,-2.0916030534351147,-2.4427480916030535,0.3969465648854962
0.7613561279296874,-0.07900865478515624,9.299079248046874,-2.114503816793893,-2.114503816793893,0.06870229007633588
0.86191259765625,-0.011971008300781249,9.282319836425781,-2.2977099236641223,-2.198473282442748,0.6564885496183206
0.9121908325195311,-0.15562310791015624,9.315838659667968,-2.2595419847328246,-1.6412213740458015,0.29770992366412213
0.8283937744140625,-0.15322890625,9.251195214843749,-1.9694656488549618,-1.816793893129771,0.7480916030534351
0.7110778930664062,-0.2059013427734375,9.320627062988281,-2.2595419847328246,-2.0229007633587788,0.8015267175572519
0.6919242797851562,-0.19393033447265623,9.279925634765624,-2.213740458015267,-2.1908396946564888,0.31297709923664124
0.7134720947265625,-0.0718260498046875,9.294290844726563,-2.0916030534351147,-1.9236641221374047,0.45038167938931295
0.8379705810546875,-0.09816226806640624,9.253589416503905,-2.2900763358778624,-1.9465648854961832,0.5572519083969466
0.8355763793945312,-0.16041151123046873,9.299079248046874,-2.236641221374046,-1.916030534351145,0.5114503816793893
0.8355763793945312,-0.19871873779296872,9.246406811523437,-2.1755725190839694,-1.916030534351145,0.6335877862595419
0.7876923461914062,-0.14604630126953125,9.251195214843749,-2.015267175572519,-1.8549618320610688,0.6793893129770993
0.7134720947265625,-0.14604630126953125,9.282319836425781,-2.2977099236641223,-1.9770992366412214,0.5038167938931297
0.8020575561523438,-0.17238251953125,9.246406811523437,-2.236641221374046,-2.0916030534351147,0.4122137404580153
0.7110778930664062,-0.055066638183593745,9.18655177001953,-2.053435114503817,-1.1374045801526718,1.16793893129771
0.6919242797851562,-0.07422025146484375,9.035717065429687,-1.5954198473282444,0.32061068702290074,0.48854961832061067
0.2442085693359375,-0.9864110839843749,9.732429748535155,-1.786259541984733,-3.0,2.312977099236641
-1.5801730957031248,-2.123656872558594,7.970297326660156,-0.1297709923664122,20.0,-2.0
-3.5290532470703124,2.104503259277344,9.911994873046874,-2.8931297709923665,21.923664122137403,-7.00763358778626
-2.7246014892578123,0.6368576416015624,12.473790649414061,-6.412213740458015,-9.053435114503817,-1.8244274809160306
-1.8914193115234375,-1.6711527587890624,11.520898388671874,4.587786259541985,9.01526717557252,3.3740458015267176
0.6823474731445313,0.143652099609375,11.58075343017578,-9.13740458015267,-13.274809160305344,0.6030534351145038
-0.2537853759765625,-0.43574470214843747,8.219294299316406,-1.5801526717557253,-3.312977099236641,2.0381679389312977
2.868253588867187,-0.09337386474609374,9.888052856445311,-1.4580152671755726,6.824427480916031,1.1984732824427482
0.6823474731445313,-1.4796166259765624,7.972691528320312,-3.16793893129771,3.4656488549618323,-2.3893129770992365
0.9911994873046874,-1.0127473022460938,11.212046374511718,-0.9770992366412213,4.564885496183206,1.6641221374045803
1.6735469604492186,-2.1404162841796874,7.1203557373046875,3.267175572519084,-1.8396946564885497,-3.6030534351145036
-0.9457096557617187,1.3838485595703125,9.188945971679686,-4.900763358778626,3.145038167938931,3.0839694656488548
-1.1444283935546875,-1.848323681640625,8.700528833007812,-1.6793893129770991,1.4732824427480915,3.3435114503816794
0.25139117431640623,-0.7924807495117187,8.769960681152343,1.083969465648855,-2.122137404580153,-0.04580152671755725
-0.4955997436523437,1.6352397338867186,10.826579907226561,-9.67175572519084,-0.7633587786259542,-4.770992366412214
-0.7541735229492187,-0.28969840087890625,8.757989672851561,-1.3053435114503817,2.5343511450381677,-0.366412213740458
-1.0558429321289062,0.8954314208984374,10.828974108886719,-2.045801526717557,3.9618320610687023,1.717557251908397
0.6248866333007812,0.01915361328125,9.088389501953124,-7.00763358778626,1.1526717557251909,-0.6412213740458015
0.6464344482421874,0.30885201416015623,8.757989672851561,-2.030534351145038,-0.7938931297709924,-2.648854961832061
1.4221557861328125,-0.011971008300781249,8.461108666992187,-0.46564885496183206,-6.99236641221374,1.786259541984733
0.30885201416015623,-0.4285620971679687,8.482656481933594,1.381679389312977,-6.809160305343512,-1.3435114503816794
1.8555062866210936,0.4213794921875,8.796296899414061,-1.3587786259541985,-2.2748091603053435,0.2900763358778626
1.7310078002929687,0.028730419921875,9.358934289550781,-2.4122137404580153,0.06870229007633588,-2.519083969465649
1.6831237670898436,0.22744915771484372,9.255983618164063,-3.9236641221374047,0.4122137404580153,-1.6564885496183206
1.5179238525390624,0.055066638183593745,9.785102185058593,-3.236641221374046,-2.3740458015267176,-0.6564885496183206
0.612915625,-0.13646949462890623,9.244012609863281,-1.9236641221374047,-4.366412213740458,2.1908396946564888
1.1348515869140625,-0.44053310546874996,8.525752111816406,-1.3893129770992367,8.206106870229007,-0.7709923664122137
-0.5722141967773438,-0.14125789794921875,10.419565624999999,-2.030534351145038,-7.366412213740458,2.114503816793893
1.1013327636718748,0.05027823486328125,9.447519750976562,-0.03816793893129771,-8.916030534351146,-1.7557251908396947
0.8930372192382812,0.0909796630859375,9.09796630859375,-0.9083969465648855,-0.10687022900763359,-0.9770992366412213
0.35673604736328124,0.023942016601562498,9.0021982421875,-3.1908396946564888,-2.0,1.1145038167938932
0.28012159423828126,-0.02154781494140625,8.91840118408203,-3.7480916030534353,0.04580152671755725,0.21374045801526717
2.2026655273437497,-0.36152445068359373,11.089942089843749,-2.2290076335877864,0.5648854961832062,3.2213740458015265
-0.2561795776367187,-0.19393033447265623,8.17859287109375,0.061068702290076333,-7.473282442748092,-1.5954198473282444
1.0845733520507812,0.32082302246093747,9.459490759277344,-3.1526717557251906,3.984732824427481,3.0
1.005564697265625,-0.031124621582031248,9.696516723632811,-2.0076335877862594,1.5648854961832062,1.9770992366412214
-0.39264907226562495,-1.0869675537109373,8.59997236328125,-1.4351145038167938,0.6717557251908397,2.33587786259542
0.3591302490234375,0.062249243164062495,9.473855969238281,-4.114503816793893,2.2595419847328246,1.4961832061068703
0.70868369140625,-0.36631285400390623,9.253589416503905,-3.8244274809160306,4.824427480916031,-0.4732824427480916
0.24899697265624998,-0.13407529296874998,9.191340173339842,-3.3435114503816794,-11.458015267175572,-1.0381679389312977
1.0534487304687499,0.45489831542968745,9.332598071289063,-1.9618320610687023,4.061068702290076,-1.3358778625954197
-0.09576806640624999,1.0941501586914062,9.476250170898437,-3.732824427480916,1.9083969465648856,2.0229007633587788
0.967257470703125,-0.4572925170898437,9.414000927734374,-1.3435114503816794,1.3893129770992367,-0.7404580152671756
4.7189714721679685,-1.1061211669921875,10.038887561035155,-1.9083969465648856,-10.450381679389313,-1.9923664122137406
1.1731588134765625,0.8068459594726562,8.334215979003906,0.6946564885496184,6.022900763358779,-1.4198473282442747
1.5155296508789062,-0.49320554199218747,9.41639512939453,-0.29770992366412213,-1.083969465648855,-3.0
1.3239935180664062,0.6631938598632812,9.483432775878907,-2.7099236641221376,-0.8320610687022901,-4.068702290076335
1.0726023437499999,-0.18914193115234373,9.016563452148437,-3.3740458015267176,-0.816793893129771,-1.6870229007633588
1.5298948608398437,-0.622492431640625,9.622296472167967,-2.4580152671755724,0.33587786259541985,-0.05343511450381679
0.7445967163085937,-1.2425906616210938,9.756371765136718,-1.7709923664122138,-8.51908396946565,-2.786259541984733
2.205059729003906,-0.6943184814453125,9.588777648925781,-0.5419847328244275,2.618320610687023,-0.6335877862595419
0.8044517578125,-0.8978256225585937,8.985438830566405,0.6335877862595419,-2.5343511450381677,-0.9923664122137404
1.5921441040039062,-0.6200982299804687,9.962273107910155,-1.3587786259541985,-2.8396946564885495,-2.0076335877862594
0.8906430175781249,-0.10773907470703124,8.954314208984375,0.29770992366412213,-0.5954198473282443,-0.22900763358778625
1.22583125,-0.10773907470703124,9.579200842285156,-3.4732824427480917,-8.450381679389313,4.465648854961832
1.5682020874023437,-0.8499415893554687,7.544129431152343,-1.1374045801526718,1.6793893129770991,0.15267175572519084
1.6831237670898436,-1.0606313354492187,9.885658654785155,-1.5038167938931297,-21.49618320610687,0.33587786259541985
2.588131994628906,-1.9225439331054686,9.730035546875,2.450381679389313,5.625954198473282,-2.801526717557252
-1.7166425903320313,0.38786066894531246,10.271125122070313,-9.427480916030534,-11.801526717557252,1.7328244274809161
1.649604943847656,-0.19393033447265623,8.875305554199219,-5.633587786259542,4.450381679389313,0.6183206106870229
1.3192051147460937,-1.6711527587890624,9.991003527832031,-0.6335877862595419,-3.015267175572519,0.6412213740458015
-0.6057330200195312,-0.4955997436523437,8.729259252929687,-1.3435114503816794,-7.9541984732824424,-1.5267175572519085
0.9696516723632812,-0.08140285644531249,8.513781103515624,-4.358778625954199,1.8015267175572518,6.534351145038168
-0.028730419921875,-1.8602946899414061,9.469067565917967,-2.1908396946564888,5.8396946564885495,-1.8625954198473282
-1.0702081420898437,-0.8906430175781249,8.47786807861328,3.351145038167939,2.16793893129771,0.7404580152671756
1.1013327636718748,-0.16280571289062498,10.180145458984374,-3.5572519083969465,3.854961832061069,0.648854961832061
1.0295067138671874,0.4860229370117187,8.702923034667968,-1.8854961832061068,-0.13740458015267176,0.8549618320610687
0.603338818359375,-0.7493851196289062,9.502586389160156,-0.9923664122137404,0.15267175572519084,4.687022900763359
1.1827356201171875,-0.2537853759765625,9.746794958496093,-2.2748091603053435,-0.4961832061068702,-0.4580152671755725
0.19871873779296872,-0.13407529296874998,8.908824377441405,-3.0916030534351147,-3.4732824427480917,3.16793893129771
0.6392518432617187,-0.4740519287109375,9.677363110351562,-3.1755725190839694,0.8931297709923665,2.1908396946564888
0.14604630126953125,-0.8451531860351562,9.299079248046874,-2.50381679389313,-1.9770992366412214,2.7938931297709924
-0.06464344482421874,-0.086191259765625,9.543287817382812,-3.0229007633587788,2.595419847328244,1.4809160305343512
0.28012159423828126,-0.6847416748046875,10.496180078124999,-1.9389312977099236,-4.198473282442748,2.931297709923664
1.1444283935546875,-0.5099649536132812,9.066841687011719,-2.9236641221374047,2.877862595419847,0.9847328244274809
0.4070142822265625,0.031124621582031248,9.449913952636718,-0.6335877862595419,-3.2748091603053435,3.4656488549618323
0.9744400756835937,-0.5003881469726562,9.143456140136719,-0.4961832061068702,1.2900763358778626,-0.16030534351145037
0.49799394531249996,0.22026655273437498,9.267954626464844,-2.4732824427480917,-5.801526717557252,2.068702290076336
0.507570751953125,-0.20829554443359374,8.252813122558594,-3.984732824427481,0.31297709923664124,-1.5954198473282444
0.5746083984375,0.6536170532226562,9.56962403564453,-5.099236641221374,-7.778625954198473,2.450381679389313
0.19393033447265623,-0.5315127685546874,9.014169250488282,-1.0076335877862594,4.549618320610687,-2.3206106870229006
0.833182177734375,0.105344873046875,10.058041174316406,-5.3816793893129775,1.4122137404580153,-0.16793893129770993
0.5315127685546874,0.17956512451171874,9.023746057128905,-1.8549618320610688,2.0,-1.297709923664122
0.7278373046875,0.23223756103515625,9.471461767578125,-1.381679389312977,-2.2519083969465647,-1.816793893129771
0.8762778076171874,0.74699091796875,9.196128576660156,-4.374045801526718,-1.549618320610687,0.5114503816793893
0.3280056274414062,0.4381389038085937,8.655039001464843,-5.213740458015267,6.519083969465649,-0.3435114503816794
0.11252747802734374,-0.06943184814453125,10.062829577636718,-0.8931297709923665,-8.335877862595419,-1.2366412213740459
0.45968671875,0.181959326171875,8.810662109374999,-0.8396946564885496,-2.0381679389312977,2.114503816793893
0.33039982910156246,0.055066638183593745,9.313444458007812,-2.9389312977099236,-1.748091603053435,-1.916030534351145
0.9217676391601562,-0.16041151123046873,9.562441430664062,-1.7938931297709924,14.045801526717558,-0.6793893129770993
0.38307226562499996,-0.22744915771484372,8.013392956542969,-2.8702290076335877,-3.7404580152671754,-1.5572519083969465
1.678335363769531,0.33758243408203126,8.870517150878905,-1.900763358778626,0.48854961832061067,1.3358778625954197
1.448492004394531,-1.3383587280273437,9.107543115234375,-2.312977099236641,-3.267175572519084,2.519083969465649
0.3758896606445312,0.27293898925781246,10.82179150390625,0.06870229007633588,-1.1755725190839694,-2.2213740458015265
0.5434837768554687,0.0430956298828125,9.239224206542968,-3.198473282442748,-1.1755725190839694,-3.931297709923664
0.7302315063476562,-1.0342951171875,9.6151138671875,-4.435114503816794,-2.8702290076335877,1.1145038167938932
0.5003881469726562,-1.1947066284179686,9.064447485351561,-1.0916030534351144,-3.099236641221374,0.3435114503816794
0.7062894897460937,-0.8212111694335937,9.483432775878907,-0.7557251908396947,-5.114503816793893,0.8244274809160306
1.0606313354492187,-1.4030021728515625,8.238447912597655,1.0381679389312977,-3.366412213740458,-0.8702290076335878
-0.0143652099609375,-0.603338818359375,9.162609753417968,-2.0916030534351147,-3.068702290076336,-0.3893129770992366
0.8499415893554687,-0.3950432739257812,8.834604125976561,-2.7938931297709924,3.015267175572519,1.702290076335878
-0.28730419921875,-0.44532150878906246,9.612719665527344,-3.49618320610687,-9.022900763358779,1.1068702290076335
2.0254946044921875,-0.41898529052734373,8.702923034667968,-1.5801526717557253,10.229007633587786,-0.4198473282442748
0.2705447875976562,0.1292868896484375,8.681375219726561,1.4809160305343512,-8.816793893129772,0.46564885496183206
1.5251064575195312,0.21068974609375,10.460267053222656,1.0916030534351144,6.893129770992366,-0.3511450381679389
-1.8818425048828125,-1.0917559570312498,9.497797985839844,0.9236641221374046,-15.229007633587786,2.9160305343511452
-0.5434837768554687,0.11252747802734374,7.769184387207031,-5.190839694656488,2.045801526717557,-2.1755725190839694
0.16041151123046873,0.2609679809570312,10.946289990234375,-3.572519083969466,2.732824427480916,-2.0916030534351147
0.5267243652343749,-0.6344634399414062,9.045293872070312,-1.4885496183206106,-0.19083969465648856,0.366412213740458
-0.15562310791015624,0.296881005859375,9.09796630859375,-6.427480916030534,-8.564885496183207,6.083969465648855
0.852335791015625,-1.0438719238281249,9.70369932861328,-5.900763358778626,3.114503816793893,2.381679389312977
0.4070142822265625,-1.6543933471679686,9.485826977539062,1.1145038167938932,-3.9923664122137406,0.5954198473282443
0.6440402465820312,0.39264907226562495,10.342951171874999,-2.435114503816794,-3.9389312977099236,0.648854961832061
1.024718310546875,-0.9935936889648437,8.202534887695313,0.26717557251908397,-4.412213740458015,-1.7328244274809161
0.86191259765625,0.8283937744140625,9.85692823486328,-1.8702290076335877,-2.366412213740458,2.213740458015267
1.3263877197265623,0.1292868896484375,8.690952026367187,-3.6946564885496183,-6.778625954198473,-3.931297709923664
0.9433154541015625,0.8020575561523438,8.930372192382812,-4.251908396946565,-4.145038167938932,0.9465648854961832
1.0654197387695312,-0.4285620971679687,9.179369165039063,-1.7557251908396947,-4.603053435114504,-1.5954198473282444
0.6416460449218749,-0.354341845703125,9.14824454345703,-1.0687022900763359,-6.801526717557252,1.9083969465648856
1.7310078002929687,-0.8834604125976562,8.767566479492187,-1.213740458015267,8.381679389312977,2.732824427480916
-0.8475473876953125,-0.3711012573242187,8.48505068359375,-2.5877862595419847,-9.65648854961832,3.9236641221374047
0.9959878906249999,-0.9097966308593749,8.923189587402343,1.450381679389313,-4.587786259541985,3.50381679389313
0.7661445312499999,-0.30885201416015623,9.006986645507812,-2.4198473282442747,-5.091603053435114,1.1908396946564885
1.1228805786132812,0.105344873046875,8.894459167480468,-2.618320610687023,-3.2442748091603053,1.5419847328244274
-0.30885201416015623,-0.05027823486328125,9.30147344970703,-3.5572519083969465,-8.442748091603054,0.8931297709923665
1.39821376953125,-0.44532150878906246,9.246406811523437,-2.4656488549618323,-2.4122137404580153,1.8931297709923665
-0.08140285644531249,-0.565031591796875,9.785102185058593,-2.045801526717557,-3.4885496183206106,-1.549618320610687
1.0797849487304687,0.33758243408203126,9.267954626464844,-5.320610687022901,-3.1297709923664123,-0.549618320610687
0.29927520751953124,-1.1324573852539062,8.336610180664062,1.9541984732824427,-5.534351145038168,1.1984732824427482
1.3407529296874998,-0.2154781494140625,9.306261853027344,0.4198473282442748,-1.0534351145038168,1.1145038167938932
0.7757213378906249,0.239420166015625,8.973467822265624,-4.9465648854961835,1.9083969465648856,1.5725190839694656
-0.32561142578124996,-0.39983167724609375,9.370905297851563,-3.5801526717557253,-4.083969465648855,2.816793893129771
0.22026655273437498,-0.6105214233398437,10.031704956054687,-4.595419847328245,-0.08396946564885496,1.1297709923664123
0.9504980590820312,-0.5674257934570313,9.548076220703125,-1.083969465648855,2.854961832061069,-1.1526717557251909
0.8954314208984374,0.8786720092773437,9.526528405761718,-4.931297709923665,-12.435114503816793,3.3969465648854964
2.829946362304687,0.5506663818359374,8.453926062011718,-3.648854961832061,6.022900763358779,-0.6564885496183206
-0.33758243408203126,-1.2856862915039062,12.574347119140624,0.16793893129770993,-4.824427480916031,-0.7099236641221374
2.4564509033203126,0.26336218261718747,7.773972790527344,0.19083969465648856,1.5648854961832062,2.931297709923664
-0.08379705810546874,0.5410895751953124,10.053252770996092,-5.122137404580153,2.114503816793893,2.687022900763359
0.6727706665039062,-1.3455413330078123,9.643844287109374,1.6870229007633588,8.969465648854962,0.11450381679389313
0.35194764404296874,0.7685387329101562,9.191340173339842,-3.564885496183206,-1.4045801526717556,-1.900763358778626
1.7429788085937499,1.0606313354492187,10.158597644042969,-5.526717557251908,-0.31297709923664124,-2.7480916030534353
0.9361328491210937,-0.00239420166015625,9.272743029785156,-3.8473282442748094,1.0458015267175573,-1.534351145038168
0.8834604125976562,-0.04548983154296875,9.720458740234374,-1.633587786259542,-4.091603053435114,-1.3740458015267176
0.34715924072265625,-0.49799394531249996,9.349357482910156,0.10687022900763359,-2.045801526717557,-0.06870229007633588
0.6584054565429687,0.2753331909179687,9.995791931152343,-4.229007633587786,-3.5572519083969465,-1.213740458015267
1.0534487304687499,-0.076614453125,9.320627062988281,0.03816793893129771,-4.740458015267175,-3.1374045801526718
0.7972691528320313,0.8667010009765624,9.94072529296875,-1.7099236641221374,1.3053435114503817,-0.9923664122137404
1.1563994018554686,0.36152445068359373,8.2743609375,-6.305343511450381,-1.7938931297709924,2.9389312977099236
0.14125789794921875,-0.82360537109375,10.766724865722656,-1.8473282442748091,0.37404580152671757,-2.6793893129770994
3.3494881225585935,-0.8307879760742187,9.052476477050782,3.732824427480916,4.0,-5.786259541984733
0.45489831542968745,2.5522189697265625,7.656656909179687,-4.351145038167939,2.633587786259542,0.6793893129770993
1.005564697265625,-0.24660277099609373,9.428366137695312,-4.244274809160306,5.763358778625954,-0.3053435114503817
0.34237083740234375,-0.9145850341796874,10.314220751953124,-1.0687022900763359,-4.732824427480916,-0.06870229007633588
-0.2059013427734375,-0.928950244140625,8.647856396484375,1.8854961832061068,-5.786259541984733,-1.534351145038168
0.5770026000976562,0.5458779785156249,9.579200842285156,-0.03816793893129771,-2.50381679389313,-0.10687022900763359
0.8403647827148437,-0.74699091796875,9.421183532714844,-1.9694656488549618,3.66412213740458,-1.5267175572519085
0.22744915771484372,-1.2425906616210938,9.275137231445312,-0.22900763358778625,-15.396946564885496,-0.44274809160305345
0.7900865478515624,-0.028730419921875,8.959102612304687,0.5419847328244275,3.6564885496183206,1.9312977099236641
0.21308394775390624,-0.11252747802734374,9.380482104492186,-1.2900763358778626,-4.511450381679389,2.9236641221374047
1.0199299072265624,-0.8355763793945312,8.690952026367187,-0.33587786259541985,-5.793893129770993,1.16793893129771
1.2761094848632812,-0.19871873779296872,9.821015209960937,-0.8549618320610687,-2.053435114503817,1.0610687022900764
1.0606313354492187,-0.3591302490234375,9.624690673828125,-1.8549618320610688,-5.66412213740458,-1.3435114503816794
1.0175357055664063,0.32561142578124996,9.09796630859375,-3.0839694656488548,3.6030534351145036,0.5572519083969466
0.6919242797851562,-0.6703764648437499,9.7683427734375,-2.5114503816793894,0.8549618320610687,-1.916030534351145
-0.22744915771484372,0.46686932373046874,9.45470235595703,-2.816793893129771,-10.557251908396946,1.1450381679389312
0.8020575561523438,-0.44053310546874996,10.196904870605469,-2.50381679389313,10.49618320610687,2.717557251908397
1.4796166259765624,0.2920926025390625,9.445125549316407,-2.015267175572519,6.236641221374046,-0.5038167938931297
0.12449848632812499,0.6607996582031249,8.762778076171875,-2.6564885496183206,-10.98473282442748,0.22900763358778625
1.0654197387695312,-0.16998831787109375,8.954314208984375,-0.9541984732824428,4.442748091603053,1.1526717557251909
0.1771709228515625,-0.00239420166015625,10.31661495361328,-3.2977099236641223,-10.442748091603054,-0.022900763358778626
1.8124106567382812,0.47644613037109373,8.748412866210938,-2.7251908396946565,5.564885496183206,0.22137404580152673
-0.3064578125,0.5961562133789062,9.672574707031249,-3.900763358778626,-9.366412213740459,4.030534351145038
2.8227637573242186,-0.8092401611328125,10.12507882080078,-3.931297709923664,-1.3740458015267176,-3.1755725190839694
2.0733786376953125,0.18914193115234373,8.59997236328125,-1.1450381679389312,-8.50381679389313,4.99236641221374
2.0183119995117185,-0.01915361328125,9.756371765136718,-2.4427480916030535,0.8320610687022901,-4.854961832061068
1.0726023437499999,0.34237083740234375,9.129090930175781,-0.6870229007633588,-6.977099236641221,1.6488549618320612
1.8602946899414061,0.23223756103515625,9.423577734375,-6.206106870229007,0.4732824427480916,-2.282442748091603
1.1228805786132812,0.9576806640625,7.802703210449218,-3.435114503816794,-4.923664122137405,-1.633587786259542
0.4477157104492187,-1.13006318359375,10.551246716308594,0.4198473282442748,-3.732824427480916,-3.1755725190839694
0.8307879760742187,0.06943184814453125,9.502586389160156,-0.5419847328244275,-1.16793893129771,-4.0
0.49320554199218747,0.8690952026367187,8.978256225585938,-2.3893129770992365,-4.33587786259542,0.8320610687022901
0.8762778076171874,-0.4572925170898437,9.3086560546875,-3.5267175572519083,6.709923664122138,1.015267175572519
0.603338818359375,-0.718260498046875,8.305485559082031,-0.4732824427480916,-2.282442748091603,-2.6030534351145036
0.7254431030273437,-0.040701428222656245,9.964667309570311,-2.0839694656488548,-6.038167938931298,2.030534351145038
0.47644613037109373,-0.7829039428710937,8.66940421142578,-1.2748091603053435,-5.801526717557252,-3.83206106870229
0.9983820922851562,-0.22266075439453123,10.465055456542968,-2.8702290076335877,0.44274809160305345,0.6183206106870229
-0.23702596435546874,-0.4285620971679687,9.392453112792968,-2.4122137404580153,-2.946564885496183,-1.6946564885496183
-0.05027823486328125,-0.16041151123046873,9.655815295410155,-1.6488549618320612,-2.3282442748091605,1.1145038167938932
0.40462008056640625,-0.7852981445312499,9.557653027343749,-0.9694656488549618,-5.1603053435114505,0.09923664122137404
0.28012159423828126,0.0526724365234375,9.227253198242186,-1.4809160305343512,-2.648854961832061,0.4198473282442748
0.0526724365234375,0.06943184814453125,9.117119921875,-1.9694656488549618,3.5877862595419847,-2.4656488549618323
0.16041151123046873,0.27293898925781246,9.473855969238281,-3.7709923664122136,2.5114503816793894,-3.099236641221374
1.1348515869140625,0.229843359375,8.621520178222656,-1.7251908396946565,4.816793893129771,-1.9770992366412214
0.00239420166015625,-0.6536170532226562,9.457096557617186,-1.8015267175572518,-3.5343511450381677,1.8015267175572518
1.22583125,-0.5865794067382812,10.730811840820312,0.3816793893129771,-11.366412213740459,-0.10687022900763359
1.6735469604492186,-0.33758243408203126,8.051700183105469,4.885496183206107,-7.3816793893129775,-3.6946564885496183
0.6847416748046875,1.4245499877929686,6.873752966308594,-6.198473282442748,-11.19083969465649,6.717557251908397
1.6065093139648436,-0.5434837768554687,9.502586389160156,-3.015267175572519,1.8854961832061068,0.6717557251908397
0.7661445312499999,-0.4333505004882812,9.435548742675781,-1.2748091603053435,-6.022900763358779,-1.1068702290076335
-0.086191259765625,-0.6775590698242188,9.275137231445312,-0.2748091603053435,-4.129770992366412,-2.4656488549618323
1.8028338500976562,0.12210428466796874,8.640673791503906,-2.6946564885496183,-6.717557251908397,4.038167938931298
0.8714894042968749,-0.7038952880859375,9.87608184814453,-1.2595419847328244,7.648854961832061,-1.5267175572519085
1.9847931762695312,-1.1037269653320312,8.59278975830078,-0.5648854961832062,-14.938931297709924,-1.9236641221374047
1.1755530151367186,0.03591302490234375,8.188169677734374,1.0687022900763359,0.366412213740458,1.3893129770992367
0.3495534423828125,0.1197100830078125,9.91438907470703,-1.465648854961832,-1.8702290076335877,1.7709923664122138
0.9361328491210937,-0.8068459594726562,9.083601098632812,-0.19083969465648856,-2.145038167938931,-1.015267175572519
0.63206923828125,0.4261678955078125,9.45470235595703,-2.236641221374046,0.24427480916030533,0.0
1.2617442749023438,-0.5219359619140624,9.785102185058593,-2.366412213740458,-1.6793893129770991,-1.5038167938931297
0.22026655273437498,-0.09816226806640624,8.767566479492187,-2.6564885496183206,-2.5419847328244276,1.1221374045801527
0.7206546997070312,-0.28490999755859375,9.418789331054686,-1.251908396946565,2.8931297709923665,-0.7099236641221374
0.7493851196289062,-0.13407529296874998,9.325415466308593,-1.717557251908397,-4.877862595419847,-0.9083969465648855
2.3367408203125,-0.33039982910156246,8.588001354980468,-0.5267175572519084,6.778625954198473,0.6564885496183206
0.2609679809570312,-0.27293898925781246,10.0748005859375,-2.6793893129770994,-11.633587786259541,-0.6412213740458015
1.419761584472656,-0.39983167724609375,9.950302099609374,-0.25190839694656486,-0.9541984732824428,0.3282442748091603
0.17238251953125,-0.3064578125,9.459490759277344,-1.3358778625954197,-3.183206106870229,1.6030534351145038
0.16041151123046873,-0.2059013427734375,8.690952026367187,-2.549618320610687,-1.786259541984733,0.3969465648854962
-0.2825157958984375,-0.06464344482421874,9.196128576660156,-4.488549618320611,-6.213740458015267,0.2824427480916031
1.0295067138671874,-0.4836287353515625,10.062829577636718,-2.7251908396946565,0.7633587786259542,0.8244274809160306
0.0047884033203125,-0.38786066894531246,10.491391674804687,-1.5572519083969465,-0.6335877862595419,1.1297709923664123
0.44053310546874996,-0.11252747802734374,8.499415893554687,-3.8396946564885495,5.625954198473282,-0.183206106870229
0.7637503295898437,0.4836287353515625,7.8721350585937495,-1.8244274809160306,9.854961832061068,2.0381679389312977
0.16759411621093748,0.13646949462890623,9.521740002441407,0.183206106870229,-10.251908396946565,1.717557251908397
1.0773907470703123,0.22266075439453123,9.236830004882812,-4.435114503816794,1.0687022900763359,1.3053435114503817
0.22026655273437498,-0.09576806640624999,9.05965908203125,-5.038167938931298,-6.801526717557252,-0.8015267175572519
1.3120225097656248,1.0007762939453124,10.134655627441406,-2.236641221374046,-7.152671755725191,-0.07633587786259542
0.5267243652343749,-0.44532150878906246,9.459490759277344,0.4580152671755725,-2.3740458015267176,1.7404580152671756
0.612915625,0.6248866333007812,10.903194360351561,-4.923664122137405,-5.580152671755725,3.1755725190839694
2.0302830078125,-0.5602431884765625,8.470685473632813,-2.549618320610687,3.618320610687023,-0.030534351145038167
-0.17238251953125,-1.9393033447265624,9.832986218261718,-0.5572519083969466,-3.687022900763359,0.9083969465648855
-0.3136404174804687,-0.0718260498046875,7.764395983886718,1.83206106870229,-20.610687022900763,1.83206106870229
1.5298948608398437,0.32561142578124996,10.149020837402343,-5.809160305343512,2.8396946564885495,3.351145038167939
-0.3112462158203125,0.30885201416015623,7.939172705078125,-0.6335877862595419,-5.557251908396947,1.6870229007633588
0.2059013427734375,-0.6153098266601562,8.590395556640624,-1.8091603053435115,-7.900763358778626,1.5419847328244274
0.4333505004882812,-0.1388636962890625,9.469067565917967,-4.480916030534351,3.6946564885496183,-1.4351145038167938
0.507570751953125,0.15322890625,8.650250598144531,-4.267175572519084,-2.8931297709923665,-1.0229007633587786
0.9720458740234375,-0.488417138671875,9.260772021484375,-1.8702290076335877,4.99236641221374,-0.5572519083969466
1.1947066284179686,0.258573779296875,9.016563452148437,-1.1221374045801527,-9.648854961832061,-1.381679389312977
1.1731588134765625,-0.41898529052734373,8.901641772460938,-1.3282442748091603,5.244274809160306,-0.29770992366412213
0.12449848632812499,-0.7733271362304687,9.82580361328125,-0.8931297709923665,-5.488549618320611,1.1068702290076335
0.23702596435546874,0.055066638183593745,10.172962854003906,-2.1603053435114505,-6.1679389312977095,0.366412213740458
0.9145850341796874,1.1156979736328125,8.894459167480468,1.8702290076335877,9.511450381679388,-4.740458015267175
-0.21068974609375,-0.5913678100585937,8.384494213867187,2.946564885496183,11.534351145038167,-3.816793893129771
0.28012159423828126,-0.4836287353515625,9.593566052246093,-0.3053435114503817,-3.9923664122137406,1.2748091603053435
0.7733271362304687,-0.06464344482421874,8.145074047851562,-3.717557251908397,0.5648854961832062,-0.1297709923664122
1.1372457885742187,0.7038952880859375,10.019733947753906,-4.091603053435114,-21.213740458015266,-5.8320610687022905
1.678335363769531,1.3623007446289062,6.849810949707031,-2.984732824427481,-1.4809160305343512,0.9847328244274809
0.296881005859375,0.6943184814453125,10.670956799316405,-3.267175572519084,-4.068702290076335,3.351145038167939
2.4684219116210935,-0.6631938598632812,10.685322009277343,-3.66412213740458,11.267175572519085,-4.343511450381679
-0.016759411621093748,-0.10295067138671875,9.411606726074218,-1.9770992366412214,2.1603053435114505,-5.038167938931298
1.0606313354492187,0.6009446166992187,7.762001782226562,-2.7557251908396947,-6.442748091603053,0.21374045801526717
1.0007762939453124,0.2657563842773437,7.931990100097655,-0.33587786259541985,2.5343511450381677,0.10687022900763359
0.6631938598632812,-0.39264907226562495,9.701305126953125,-1.7786259541984732,2.068702290076336,1.3587786259541985
0.7517793212890624,0.5027823486328125,8.722076647949219,-3.045801526717557,3.4656488549618323,-0.4198473282442748
0.4860229370117187,0.28730419921875,9.540893615722656,-4.709923664122138,0.6641221374045801,1.2442748091603053
0.40462008056640625,-0.32082302246093747,8.959102612304687,-3.122137404580153,2.2748091603053435,1.6259541984732824
0.2705447875976562,-0.7733271362304687,9.047688073730468,-2.7480916030534353,-2.4427480916030535,0.5954198473282443
0.4477157104492187,0.3758896606445312,9.459490759277344,-4.236641221374046,-4.183206106870229,1.0687022900763359
0.6464344482421874,-0.7326257080078125,9.701305126953125,-1.282442748091603,2.0610687022900764,-3.9618320610687023
1.177947216796875,1.0366893188476562,8.573636145019531,-3.3053435114503817,2.0,0.0
0.8978256225585937,0.7278373046875,9.631873278808593,-3.2519083969465647,-2.9618320610687023,0.5801526717557252
0.7589619262695312,-0.5243301635742187,8.889670764160156,-0.25190839694656486,2.83206106870229,0.32061068702290074
0.8667010009765624,-0.354341845703125,9.239224206542968,-2.236641221374046,3.122137404580153,0.35877862595419846
-0.4955997436523437,0.28969840087890625,9.452308154296874,-5.541984732824427,-1.1221374045801527,2.7251908396946565
0.3950432739257812,-0.4644751220703125,9.79946739501953,-2.1526717557251906,2.4427480916030535,2.015267175572519
0.023942016601562498,-0.6560112548828124,10.333374365234375,-2.900763358778626,-7.32824427480916,-1.2290076335877862
0.7278373046875,0.16998831787109375,9.248801013183593,-3.145038167938931,5.145038167938932,1.1450381679389312
-0.5123591552734374,-0.229843359375,9.567229833984374,-0.24427480916030533,0.10687022900763359,2.2442748091603053
0.5315127685546874,-0.3064578125,8.959102612304687,-0.0916030534351145,2.717557251908397,3.0
-0.19153613281249998,0.2753331909179687,9.557653027343749,-3.519083969465649,-2.3969465648854964,0.5038167938931297
0.6919242797851562,-0.6919242797851562,9.792284790039062,-3.6717557251908395,-7.229007633587786,0.015267175572519083
0.5123591552734374,0.03591302490234375,9.119514123535156,-3.572519083969466,-0.6870229007633588,-6.099236641221374
1.1635820068359375,0.507570751953125,10.424354028320312,-4.709923664122138,-1.9923664122137406,-5.190839694656488
0.5793968017578125,-0.06943184814453125,9.035717065429687,-3.404580152671756,-2.5801526717557253,-1.2061068702290076
0.35673604736328124,-0.6105214233398437,9.361328491210937,-1.8778625954198473,3.8625954198473282,1.0
-0.4572925170898437,-0.9840168823242187,10.206481677246094,-2.4885496183206106,-10.335877862595419,0.9618320610687023
1.4963760375976562,-1.0342951171875,9.366116894531249,-2.0839694656488548,5.595419847328245,-1.8931297709923665
0.4333505004882812,-0.2657563842773437,11.257536206054686,-4.793893129770993,-10.618320610687023,4.33587786259542
1.0175357055664063,0.040701428222656245,8.259995727539062,-1.6259541984732824,-8.83969465648855,1.0687022900763359
1.4341267944335936,0.06464344482421874,11.030087048339842,-2.5267175572519083,0.03816793893129771,-1.5801526717557253
0.7709329345703124,-0.5363011718749999,9.6917283203125,-2.7557251908396947,-2.366412213740458,-0.03816793893129771
0.9121908325195311,-0.354341845703125,8.530540515136718,-2.633587786259542,-3.6259541984732824,1.2900763358778626
1.1348515869140625,-0.16041151123046873,9.579200842285156,-3.068702290076336,-2.6106870229007635,0.4351145038167939
1.1827356201171875,-0.2657563842773437,8.473079675292968,-0.648854961832061,-1.5801526717557253,0.2748091603053435
0.7972691528320313,-0.12449848632812499,10.065223779296874,-2.3435114503816794,-2.5801526717557253,0.16030534351145037
1.608903515625,0.0526724365234375,9.052476477050782,-2.33587786259542,0.5267175572519084,-2.3740458015267176
0.9121908325195311,0.12210428466796874,9.85692823486328,-2.404580152671756,-0.6412213740458015,0.061068702290076333
1.3048399047851562,0.18435352783203124,9.445125549316407,-0.3435114503816794,-1.8473282442748091,5.801526717557252
0.35194764404296874,-0.488417138671875,9.167398156738281,-1.5572519083969465,11.633587786259541,-3.198473282442748
-1.5849614990234373,-0.16280571289062498,10.005368737792969,-2.030534351145038,-10.435114503816793,-0.6870229007633588
0.488417138671875,0.15322890625,9.466673364257812,-1.83206106870229,-0.7099236641221374,0.31297709923664124
0.02154781494140625,-0.12689268798828124,8.578424548339843,-2.83206106870229,-1.4961832061068703,0.4198473282442748
-0.18435352783203124,0.0526724365234375,9.105148913574219,-3.572519083969466,-8.32824427480916,1.0381679389312977
1.3359645263671873,-1.0414777221679687,10.290278735351562,-1.4351145038167938,-3.5267175572519083,0.25190839694656486
0.8978256225585937,-1.1109095703125,8.86094034423828,0.9923664122137404,3.8625954198473282,-1.465648854961832
0.5889736083984375,0.4333505004882812,11.166556542968749,-4.343511450381679,-5.267175572519084,-0.48854961832061067
2.1547814941406247,0.36391865234375,9.102754711914063,-3.0839694656488548,3.3740458015267176,-0.7251908396946565
0.29927520751953124,-0.469263525390625,9.246406811523437,-3.1526717557251906,-5.091603053435114,2.6793893129770994
0.5674257934570313,-0.699106884765625,9.327809667968749,-1.3969465648854962,0.7175572519083969,-1.381679389312977
-0.20350714111328125,-0.01915361328125,10.005368737792969,-0.6106870229007634,-3.6106870229007635,0.9694656488549618
0.8451531860351562,0.24899697265624998,10.28549033203125,-1.0916030534351144,0.35877862595419846,-2.66412213740458
-0.0430956298828125,0.38307226562499996,8.202534887695313,-4.343511450381679,-2.8091603053435112,1.3511450381679388
-0.38786066894531246,-0.14604630126953125,9.014169250488282,-0.6946564885496184,-4.1679389312977095,-0.5801526717557252
0.7805097412109374,-0.4381389038085937,10.398017810058594,-2.0763358778625953,-8.01526717557252,0.8473282442748091
1.675941162109375,-0.5674257934570313,8.801085302734375,-2.969465648854962,-3.312977099236641,1.3206106870229009
0.852335791015625,-0.7900865478515624,9.847351428222655,-1.0534351145038168,-3.6412213740458017,4.1603053435114505
1.9632453613281249,-0.6584054565429687,5.3007624755859375,-0.5190839694656488,-20.51145038167939,1.0534351145038168
3.4644098022460934,0.5578489868164063,8.63109698486328,-2.053435114503817,-7.786259541984733,-2.381679389312977
5.442020373535156,-0.00718260498046875,11.451466540527344,-3.450381679389313,-7.145038167938932,-0.9083969465648855
2.379836450195312,0.12449848632812499,9.732429748535155,-3.2442748091603053,-12.351145038167939,0.7786259541984732
0.4955997436523437,-0.3687070556640625,7.043741284179687,0.366412213740458,3.1908396946564888,0.09923664122137404
4.829104748535156,-0.36631285400390623,6.086060620117187,0.03816793893129771,23.15267175572519,-1.1145038167938932
19.61270144958496,6.694187841796874,11.475408557128906,-24.38167938931298,-21.61832061068702,0.1297709923664122
9.457096557617186,-5.379771130371093,10.13226142578125,-3.4427480916030535,-12.564885496183207,-0.48091603053435117
-2.0925322509765625,-0.28490999755859375,4.944026428222656,2.33587786259542,-10.694656488549619,-6.633587786259542
-3.88818349609375,-0.6488286499023437,11.669338891601562,-3.6946564885496183,2.5267175572519083,0.4122137404580153
-1.2832920898437499,-0.13646949462890623,9.947907897949218,-3.877862595419847,-3.198473282442748,1.6564885496183206
-0.8164227661132812,-0.6368576416015624,8.470685473632813,-2.2290076335877864,-11.404580152671755,2.618320610687023
0.45010991210937495,-0.3854664672851562,10.235212097167969,-2.4198473282442747,0.816793893129771,-2.4198473282442747
1.2856862915039062,0.3016694091796875,8.568847741699217,-4.145038167938932,-4.412213740458015,2.0229007633587788
0.603338818359375,-0.36631285400390623,8.257601525878906,-1.1450381679389312,-8.412213740458014,0.29770992366412213
1.2497732666015624,-0.1484405029296875,9.737218151855469,-1.3969465648854962,1.702290076335878,0.8091603053435115
0.6703764648437499,-0.031124621582031248,10.081983190917969,-3.8244274809160306,-1.8625954198473282,0.7404580152671756
1.0917559570312498,0.15083470458984374,8.619125976562499,-2.2595419847328246,-0.8778625954198473,0.42748091603053434
1.0079588989257813,-0.2154781494140625,9.72285294189453,-2.5801526717557253,0.1984732824427481,1.0305343511450382
0.7852981445312499,-0.38307226562499996,9.042899670410156,-1.4885496183206106,-2.549618320610687,0.030534351145038167
0.6847416748046875,-0.105344873046875,9.545682019042967,-2.2213740458015265,0.5725190839694656,1.3893129770992367
0.5027823486328125,-0.24660277099609373,9.334992272949219,-2.33587786259542,-2.7938931297709924,0.7480916030534351
0.565031591796875,-0.258573779296875,9.169792358398437,-1.9389312977099236,-2.8702290076335877,0.03816793893129771
0.5530605834960938,0.05027823486328125,9.267954626464844,-2.2061068702290076,-1.4580152671755726,1.2595419847328244
0.5051765502929687,-0.13168109130859373,9.294290844726563,-2.4198473282442747,-2.3969465648854964,0.7099236641221374
0.47644613037109373,-0.19871873779296872,9.255983618164063,-2.1068702290076335,-2.145038167938931,0.48091603053435117
0.5147533569335937,-0.1005564697265625,9.306261853027344,-2.145038167938931,-1.8473282442748091,0.6335877862595419
0.5458779785156249,-0.14604630126953125,9.258377819824219,-2.282442748091603,-2.0763358778625953,0.5877862595419847
0.5865794067382812,-0.13168109130859373,9.253589416503905,-2.0763358778625953,-2.267175572519084,0.3282442748091603
0.6081272216796875,-0.01915361328125,9.303867651367186,-2.267175572519084,-1.8854961832061068,0.8625954198473282
0.6488286499023437,-0.19871873779296872,9.363722692871093,-2.3435114503816794,-1.8931297709923665,0.5038167938931297
0.5961562133789062,-0.16998831787109375,9.165003955078124,-2.1526717557251906,-1.8778625954198473,0.5648854961832062
0.5985504150390625,-0.14604630126953125,9.275137231445312,-2.015267175572519,-2.114503816793893,0.3816793893129771
0.612915625,-0.15322890625,9.306261853027344,-2.2290076335877864,-1.9923664122137406,0.42748091603053434
0.5219359619140624,-0.07900865478515624,9.258377819824219,-2.2977099236641223,-1.9618320610687023,0.33587786259541985
