Ax,Ay,Az,Gx,Gy,Gz,time
0.6560112548828124,0.229843359375,9.33978067626953,-1.9923664122137406,-1.6412213740458015,0.3969465648854962,1588106743.8939266
0.6464344482421874,0.3280056274414062,9.373299499511718,-2.1068702290076335,-1.5725190839694656,0.44274809160305345,1588106743.910998
0.6488286499023437,0.2442085693359375,9.272743029785156,-2.0916030534351147,-1.465648854961832,0.4351145038167939,1588106743.9280694
0.5746083984375,0.2059013427734375,9.318232861328125,-2.1908396946564888,-1.786259541984733,0.6183206106870229,1588106743.944872
0.6607996582031249,0.29448680419921874,9.370905297851563,-2.122137404580153,-1.7557251908396947,0.46564885496183206,1588106743.9618363
0.6823474731445313,0.28490999755859375,9.327809667968749,-2.0839694656488548,-1.6488549618320612,0.4351145038167939,1588106743.9788527
0.7565677246093749,0.30885201416015623,9.30147344970703,-2.3893129770992365,-1.5190839694656488,0.3893129770992366,1588106743.994109
0.63206923828125,0.26815058593749996,9.327809667968749,-2.2519083969465647,-1.7099236641221374,0.44274809160305345,1588106744.0094252
0.5793968017578125,0.28490999755859375,9.3086560546875,-2.3282442748091605,-1.381679389312977,0.366412213740458,1588106744.0245316
0.5458779785156249,0.27293898925781246,9.279925634765624,-2.1374045801526718,-1.6793893129770991,0.5190839694656488,1588106744.0401518
0.612915625,0.20829554443359374,9.30147344970703,-2.366412213740458,-1.6946564885496183,0.3893129770992366,1588106744.0552402
0.5793968017578125,0.25139117431640623,9.272743029785156,-2.045801526717557,-1.6259541984732824,0.37404580152671757,1588106744.0706644
0.622492431640625,0.2346317626953125,9.330203869628905,-2.099236641221374,-1.5801526717557253,0.3969465648854962,1588106744.0859036
0.6943184814453125,0.20829554443359374,9.3852705078125,-2.282442748091603,-1.5877862595419847,0.549618320610687,1588106744.101095
0.5961562133789062,0.24660277099609373,9.327809667968749,-2.2748091603053435,-1.5267175572519085,0.366412213740458,1588106744.1162791
0.63206923828125,0.25139117431640623,9.287108239746093,-2.366412213740458,-1.9618320610687023,0.4351145038167939,1588106744.1313233
0.59376201171875,0.30885201416015623,9.287108239746093,-2.1755725190839694,-1.3893129770992367,0.3511450381679389,1588106744.1466758
0.5985504150390625,0.3016694091796875,9.251195214843749,-2.198473282442748,-1.6412213740458015,0.33587786259541985,1588106744.1643682
0.622492431640625,0.25139117431640623,9.30147344970703,-2.145038167938931,-1.5725190839694656,0.3511450381679389,1588106744.1795354
0.6057330200195312,0.2657563842773437,9.334992272949219,-2.3740458015267176,-1.5572519083969465,0.5419847328244275,1588106744.211393
0.6607996582031249,0.2537853759765625,9.330203869628905,-2.267175572519084,-1.5038167938931297,0.44274809160305345,1588106744.2272575
0.6560112548828124,0.16759411621093748,9.30147344970703,-2.213740458015267,-1.8778625954198473,0.42748091603053434,1588106744.2423816
0.6464344482421874,0.30406361083984373,9.394847314453125,-2.0381679389312977,-1.702290076335878,0.4351145038167939,1588106744.257535
0.5698199951171875,0.24899697265624998,9.327809667968749,-2.267175572519084,-1.6870229007633588,0.40458015267175573,1588106744.2733033
0.5770026000976562,0.21308394775390624,9.440337145996093,-2.5267175572519083,-1.6106870229007633,0.3816793893129771,1588106744.2886095
0.6153098266601562,0.239420166015625,9.323021264648437,-2.0839694656488548,-1.4885496183206106,0.2366412213740458,1588106744.3036869
0.6105214233398437,0.258573779296875,9.351751684570312,-2.122137404580153,-1.9389312977099236,0.48091603053435117,1588106744.3188481
0.699106884765625,0.28730419921875,9.315838659667968,-2.183206106870229,-1.1755725190839694,0.3969465648854962,1588106744.3339734
0.51714755859375,0.2753331909179687,9.284714038085937,-2.2900763358778624,-1.8015267175572518,0.42748091603053434,1588106744.3492246
0.7158662963867187,0.258573779296875,9.37808790283203,-1.916030534351145,-1.7786259541984732,0.816793893129771,1588106744.364384
0.63206923828125,0.21787235107421873,9.320627062988281,-2.0839694656488548,-1.6030534351145038,0.22900763358778625,1588106744.3795602
0.6679822631835937,0.28012159423828126,9.337386474609374,-2.3740458015267176,-1.3740458015267176,0.5572519083969466,1588106744.3947203
0.5506663818359374,0.23223756103515625,9.464279162597656,-2.1297709923664123,-2.2442748091603053,0.3893129770992366,1588106744.4100056
0.7517793212890624,0.1292868896484375,9.318232861328125,-2.015267175572519,-1.2290076335877862,0.7022900763358778,1588106744.425061
0.507570751953125,0.30885201416015623,9.22485899658203,-2.2977099236641223,-0.9770992366412213,0.3435114503816794,1588106744.4403722
0.5243301635742187,0.277727392578125,9.323021264648437,-2.2519083969465647,-1.916030534351145,0.3816793893129771,1588106744.4555535
0.7302315063476562,0.12449848632812499,9.418789331054686,-1.9083969465648856,-1.8091603053435115,0.5190839694656488,1588106744.4707217
0.6655880615234374,0.39743747558593745,9.191340173339842,-2.3587786259541983,-1.1908396946564885,0.10687022900763359,1588106744.4858909
0.5243301635742187,0.34715924072265625,9.289502441406249,-2.7557251908396947,-1.7786259541984732,0.5954198473282443,1588106744.5010421
0.6775590698242188,0.201112939453125,9.354145886230468,-1.83206106870229,-1.8702290076335877,0.46564885496183206,1588106744.5162106
0.7110778930664062,0.17956512451171874,9.4618849609375,-2.145038167938931,-1.8625954198473282,0.45038167938931295,1588106744.5313697
0.6081272216796875,0.5051765502929687,9.169792358398437,-2.5267175572519083,-0.9770992366412213,0.6106870229007634,1588106744.546796
0.5410895751953124,0.2059013427734375,9.593566052246093,-2.1755725190839694,-2.435114503816794,0.7557251908396947,1588106744.5619402
0.7948749511718749,0.02633621826171875,9.210493786621093,-1.9541984732824427,-1.4427480916030535,0.09923664122137404,1588106744.5771177
0.5626373901367188,0.5147533569335937,9.387664709472656,-2.5343511450381677,-1.450381679389313,0.7862595419847328,1588106744.5924318
0.63206923828125,0.16041151123046873,9.244012609863281,-2.3435114503816794,-0.916030534351145,0.6335877862595419,1588106744.6076791
0.5674257934570313,0.031124621582031248,9.4618849609375,-1.9923664122137406,-2.1908396946564888,0.48854961832061067,1588106744.6229074
0.6248866333007812,0.6057330200195312,9.198522778320312,-2.33587786259542,-1.8244274809160306,0.2824427480916031,1588106744.6382427
0.6631938598632812,0.19153613281249998,9.22485899658203,-2.4656488549618323,-0.4580152671755725,0.5038167938931297,1588106744.653385
0.3854664672851562,0.04548983154296875,9.481038574218749,-2.282442748091603,-2.49618320610687,0.05343511450381679,1588106744.6687253
0.7733271362304687,0.39983167724609375,9.258377819824219,-2.053435114503817,-1.717557251908397,0.6946564885496184,1588106744.6840975
0.6727706665039062,0.38307226562499996,9.406818322753905,-2.519083969465649,-1.2900763358778626,0.24427480916030533,1588106744.6993647
0.6200982299804687,0.011971008300781249,9.227253198242186,-2.3053435114503817,-1.549618320610687,0.2748091603053435,1588106744.714539
0.6464344482421874,0.42377369384765623,9.435548742675781,-2.1526717557251906,-1.4198473282442747,0.5572519083969466,1588106744.7298412
0.622492431640625,0.316034619140625,9.351751684570312,-2.183206106870229,-1.7938931297709924,0.3053435114503817,1588106744.7449615
0.6751648681640625,0.02154781494140625,9.30147344970703,-2.2061068702290076,-1.2671755725190839,0.5725190839694656,1588106744.7602768
0.5482721801757812,0.430956298828125,9.222464794921875,-2.213740458015267,-1.4732824427480915,0.32061068702290074,1588106744.7755082
0.5506663818359374,0.12689268798828124,9.519345800781249,-2.2213740458015265,-2.213740458015267,0.6335877862595419,1588106744.7907684
0.7110778930664062,0.3112462158203125,9.244012609863281,-2.145038167938931,-1.1068702290076335,0.05343511450381679,1588106744.8060257
0.5602431884765625,0.3184288208007812,9.349357482910156,-2.5114503816793894,-1.7633587786259541,0.4961832061068702,1588106744.821233
0.6847416748046875,0.2537853759765625,9.299079248046874,-2.4732824427480917,-1.4351145038167938,0.549618320610687,1588106744.8366222
0.70868369140625,0.229843359375,9.382876306152344,-2.015267175572519,-0.7557251908396947,1.549618320610687,1588106744.8525205
0.5315127685546874,0.2825157958984375,9.390058911132812,-2.122137404580153,-1.4351145038167938,0.31297709923664124,1588106744.8676608
0.5243301635742187,0.076614453125,9.332598071289063,-2.4732824427480917,-1.8091603053435115,-0.29770992366412213,1588106744.8829181
0.7110778930664062,0.35194764404296874,9.299079248046874,-2.068702290076336,-1.83206106870229,-0.030534351145038167,1588106744.8981943
0.8355763793945312,0.3687070556640625,9.30147344970703,-2.030534351145038,-0.916030534351145,0.3511450381679389,1588106744.9132345
0.6057330200195312,0.086191259765625,9.267954626464844,-2.2595419847328246,-2.0076335877862594,0.3435114503816794,1588106744.928532
0.7541735229492187,0.28730419921875,9.363722692871093,-2.2290076335877864,-1.6259541984732824,0.8625954198473282,1588106744.9476795
0.4955997436523437,0.34715924072265625,9.255983618164063,-2.213740458015267,-0.7786259541984732,0.648854961832061,1588106744.9627707
0.39983167724609375,0.17956512451171874,9.37808790283203,-2.5801526717557253,-1.6412213740458015,0.8015267175572519,1588106744.977911
0.44053310546874996,0.26336218261718747,9.354145886230468,-2.236641221374046,-1.2061068702290076,0.8091603053435115,1588106744.9929943
0.33758243408203126,0.3136404174804687,9.342174877929686,-2.2595419847328246,-2.1908396946564888,0.29770992366412213,1588106745.0082176
0.43574470214843747,0.2609679809570312,9.303867651367186,-2.5572519083969465,-0.7480916030534351,0.6030534351145038,1588106745.0232286
0.4740519287109375,0.24899697265624998,9.318232861328125,-2.267175572519084,-1.5114503816793894,0.4732824427480916,1588106745.0465376
0.6488286499023437,0.20829554443359374,9.342174877929686,-2.0763358778625953,-2.198473282442748,0.3053435114503817,1588106745.061532
0.9121908325195311,0.22026655273437498,9.349357482910156,-1.9465648854961832,-1.5801526717557253,0.3282442748091603,1588106745.0769732
1.0845733520507812,0.2346317626953125,9.366116894531249,-2.1755725190839694,-1.1374045801526718,0.5190839694656488,1588106745.0921655
1.1851298217773436,0.16280571289062498,9.282319836425781,-1.5419847328244274,-1.5419847328244274,0.5419847328244275,1588106745.1073468
1.2114660400390624,0.2609679809570312,9.275137231445312,-1.8473282442748091,-1.251908396946565,-1.0610687022900764,1588106745.1225
1.5346832641601562,0.05746083984375,9.404424121093749,-1.549618320610687,-1.5038167938931297,0.061068702290076333,1588106745.1376872
1.66636435546875,0.21308394775390624,9.107543115234375,-3.3435114503816794,-2.786259541984733,0.40458015267175573,1588106745.1528974
2.398990063476562,0.1771709228515625,9.18655177001953,-2.4885496183206106,-2.9389312977099236,-0.5572519083969466,1588106745.1680818
2.7820623291015623,0.01915361328125,9.435548742675781,-2.1297709923664123,-1.9923664122137406,-0.3282442748091603,1588106745.183228
3.1507693847656246,0.18914193115234373,8.844180932617187,-3.6412213740458017,-5.290076335877862,-0.17557251908396945,1588106745.198542
3.821145849609375,-0.5123591552734374,9.919177478027343,1.9770992366412214,1.0458015267175573,-1.9770992366412214,1588106745.2135754
3.1771056030273437,1.2138602416992186,9.236830004882812,-5.083969465648855,-4.251908396946565,-0.5877862595419847,1588106745.2287457
3.794809631347656,0.21068974609375,9.490615380859374,-2.7709923664122136,3.0076335877862594,-1.5114503816793894,1588106745.243895
2.2744915771484373,0.16519991455078123,11.135431921386719,-2.7938931297709924,-6.641221374045801,1.183206106870229,1588106745.2590473
3.7325603881835936,0.9217676391601562,9.49300958251953,-6.458015267175573,-4.442748091603053,-0.1297709923664122,1588106745.2742076
3.2058360229492187,0.33518823242187495,8.722076647949219,-1.2442748091603053,2.435114503816794,-0.8244274809160306,1588106745.2894168
2.068590234375,-0.7254431030273437,9.200916979980468,-1.2442748091603053,7.366412213740458,-4.0,1588106745.304522
0.47165772705078124,-0.6584054565429687,9.794678991699218,-7.412213740458015,-10.534351145038167,-6.450381679389313,1588106745.3196592
2.233790148925781,-0.17956512451171874,10.831368310546875,-3.816793893129771,-4.603053435114504,1.786259541984733,1588106745.3347936
1.2473790649414063,-1.3910311645507811,8.33182177734375,2.648854961832061,-5.854961832061068,3.3587786259541983,1588106745.3500798
1.7238251953125,0.488417138671875,9.220070593261719,-3.572519083969466,-6.900763358778626,-0.3053435114503817,1588106745.365087
1.4173673828125,1.7525556152343749,9.409212524414063,-5.221374045801527,-2.6030534351145036,-2.312977099236641,1588106745.3803332
1.1228805786132812,-1.2018892333984375,8.695740429687499,2.0381679389312977,-4.099236641221374,0.2900763358778626,1588106745.3953025
0.6248866333007812,-0.46208092041015625,9.658209497070311,1.9236641221374047,-4.091603053435114,1.6870229007633588,1588106745.4105787
0.833182177734375,0.1197100830078125,8.367734802246094,-0.6106870229007634,7.511450381679389,1.3129770992366412,1588106745.425838
-2.3343466186523436,-0.45010991210937495,8.564059338378906,-1.4580152671755726,-4.022900763358779,1.9541984732824427,1588106745.4410293
-0.0143652099609375,0.6536170532226562,9.7683427734375,-2.351145038167939,1.7709923664122138,-8.01526717557252,1588106745.4562695
-1.9201497314453124,1.5011644409179687,9.150638745117186,-1.7328244274809161,-11.16030534351145,-4.450381679389313,1588106745.4713547
2.6958710693359373,0.12449848632812499,9.217676391601563,-1.1755725190839694,-2.404580152671756,2.2977099236641223,1588106745.486669
0.3447650390625,0.2561795776367187,8.513781103515624,-4.404580152671755,-2.099236641221374,-1.549618320610687,1588106745.5017662
-0.5434837768554687,0.5291185668945312,9.270348828125,0.16793893129770993,2.1526717557251906,-0.6870229007633588,1588106745.5169976
0.11252747802734374,0.15322890625,8.973467822265624,-2.053435114503817,3.5572519083969465,-3.0381679389312977,1588106745.5321398
-2.1930887207031247,0.6536170532226562,8.774749084472656,0.26717557251908397,-7.374045801526718,-1.8549618320610688,1588106745.547589
1.6903063720703124,1.2018892333984375,8.973467822265624,-4.824427480916031,6.1679389312977095,3.6793893129770994,1588106745.5627234
-1.4891934326171874,0.28730419921875,9.143456140136719,-1.8015267175572518,-12.312977099236642,0.7633587786259542,1588106745.5778985
1.3000515014648437,0.1771709228515625,9.557653027343749,-1.0763358778625953,-1.16793893129771,-2.687022900763359,1588106745.5930808
-0.4955997436523437,0.04548983154296875,9.658209497070311,-1.7328244274809161,7.1679389312977095,-1.534351145038168,1588106745.6084032
-1.8435352783203125,0.7852981445312499,8.88009395751953,-3.5267175572519083,-11.01526717557252,-3.717557251908397,1588106745.6235373
0.8810662109374999,0.239420166015625,9.248801013183593,-2.5572519083969465,4.961832061068702,0.12213740458015267,1588106745.6388166
-2.2170307373046874,0.25139117431640623,8.547299926757812,-3.427480916030534,-1.6641221374045803,1.6793893129770991,1588106745.654083
0.16041151123046873,0.3950432739257812,8.688557824707031,-3.114503816793893,-2.8702290076335877,-1.5267175572519085,1588106745.6694572
-0.9145850341796874,0.3064578125,9.617508068847656,-4.030534351145038,-3.1297709923664123,-1.0,1588106745.6883128
-1.0678139404296874,0.181959326171875,9.490615380859374,-3.6946564885496183,-3.3740458015267176,-0.5877862595419847,1588106745.703422
-0.17238251953125,0.07900865478515624,9.643844287109374,-1.8702290076335877,-2.946564885496183,1.2366412213740459,1588106745.7186472
0.076614453125,0.689530078125,8.93755479736328,-4.587786259541985,-2.3893129770992365,-1.633587786259542,1588106745.7337685
0.16041151123046873,0.22744915771484372,9.603142858886718,-3.7404580152671754,-4.748091603053435,1.0534351145038168,1588106745.7489147
0.70868369140625,-0.2657563842773437,8.923189587402343,-1.8931297709923665,-5.984732824427481,0.24427480916030533,1588106745.76404
0.9313444458007812,0.4165910888671875,9.718064538574218,-2.1526717557251906,-0.44274809160305345,-0.2900763358778626,1588106745.7791593
-0.2657563842773437,0.33758243408203126,9.064447485351561,-1.8396946564885497,-1.2366412213740459,0.3053435114503817,1588106745.7942646
0.01915361328125,0.47644613037109373,9.595960253906249,-3.1526717557251906,-2.5801526717557253,-0.8473282442748091,1588106745.8101687
0.21787235107421873,0.04548983154296875,9.334992272949219,-2.045801526717557,-1.8091603053435115,0.22900763358778625,1588106745.8252301
0.3136404174804687,0.03591302490234375,9.277531433105468,-1.6488549618320612,-1.0916030534351144,1.0687022900763359,1588106745.8405933
0.16759411621093748,0.4740519287109375,9.437942944335937,-2.030534351145038,-2.2519083969465647,0.37404580152671757,1588106745.8559256
0.3016694091796875,0.36631285400390623,9.236830004882812,-2.7404580152671754,-3.618320610687023,-0.8015267175572519,1588106745.871136
0.4525041137695312,0.15322890625,9.540893615722656,-2.1603053435114505,-2.1526717557251906,0.07633587786259542,1588106745.8864121
0.1005564697265625,0.1771709228515625,9.167398156738281,-2.213740458015267,-2.931297709923664,0.2595419847328244,1588106745.9014983
0.2346317626953125,0.3495534423828125,9.380482104492186,-3.3740458015267176,-0.9465648854961832,0.8396946564885496,1588106745.9167337
-0.13646949462890623,0.45010991210937495,9.512163195800781,-2.8396946564885495,-2.519083969465649,-0.2366412213740458,1588106745.9318678
0.16280571289062498,0.17477672119140625,9.205705383300781,-2.8473282442748094,-0.6564885496183206,1.3969465648854962,1588106745.947076
-0.0143652099609375,0.8930372192382812,9.066841687011719,-2.6946564885496183,1.1297709923664123,-1.0458015267175573,1588106745.9623065
0.09337386474609374,0.09816226806640624,9.100360510253905,-2.9160305343511452,-1.2671755725190839,-2.0076335877862594,1588106745.9775956
0.45968671875,-0.38786066894531246,9.260772021484375,-1.3435114503816794,-2.381679389312977,4.396946564885496,1588106745.9928498
0.699106884765625,0.6416460449218749,9.473855969238281,-1.7251908396946565,-2.351145038167939,-1.4961832061068703,1588106746.0082383
0.6153098266601562,0.6200982299804687,9.22485899658203,-3.0076335877862594,-1.7099236641221374,-0.8778625954198473,1588106746.0233445
0.6392518432617187,-0.08379705810546874,9.344569079589844,-1.5877862595419847,-2.6793893129770994,0.7175572519083969,1588106746.0386376
1.0821791503906248,-0.033518823242187495,9.375693701171874,-1.6793893129770991,-2.801526717557252,0.7480916030534351,1588106746.0538669
0.6392518432617187,0.44532150878906246,9.342174877929686,-2.030534351145038,0.48854961832061067,1.7709923664122138,1588106746.0691102
0.8092401611328125,0.5482721801757812,9.3086560546875,-2.931297709923664,-0.8015267175572519,-1.3282442748091603,1588106746.0842774
0.5051765502929687,-0.10295067138671875,9.267954626464844,-2.3969465648854964,-1.6946564885496183,1.3282442748091603,1588106746.0994406
0.6967126831054687,0.08140285644531249,9.404424121093749,-1.618320610687023,-1.8854961832061068,1.2442748091603053,1588106746.114771
0.6200982299804687,0.6272808349609375,9.157821350097656,-2.5267175572519083,-1.4045801526717556,-0.5954198473282443,1588106746.1300123
0.6368576416015624,0.3591302490234375,9.229647399902344,-2.9236641221374047,-2.015267175572519,0.10687022900763359,1588106746.1455564
0.63206923828125,-0.1580173095703125,9.387664709472656,-2.0763358778625953,-1.7251908396946565,0.37404580152671757,1588106746.1607866
0.6440402465820312,0.02154781494140625,9.34696328125,-1.4274809160305344,-2.1068702290076335,1.2900763358778626,1588106746.175992
0.7972691528320313,0.5746083984375,9.212887988281249,-2.236641221374046,-1.7557251908396947,-0.48091603053435117,1588106746.1911373
0.7206546997070312,0.3112462158203125,9.402029919433593,-2.6259541984732824,-1.3511450381679388,0.46564885496183206,1588106746.2064145
0.603338818359375,0.0047884033203125,9.337386474609374,-1.9236641221374047,-1.8244274809160306,1.2213740458015268,1588106746.2214487
0.6248866333007812,0.22266075439453123,9.399635717773437,-1.7328244274809161,-1.5877862595419847,0.7022900763358778,1588106746.236746
0.5961562133789062,0.42377369384765623,9.131485131835937,-2.480916030534351,-1.4427480916030535,-0.007633587786259542,1588106746.2519512
0.5770026000976562,0.21308394775390624,9.344569079589844,-2.6564885496183206,-1.4809160305343512,-0.07633587786259542,1588106746.2673454
0.6727706665039062,0.09337386474609374,9.313444458007812,-2.0610687022900764,-2.0839694656488548,1.1297709923664123,1588106746.2825477
0.7829039428710937,0.29448680419921874,9.3086560546875,-1.9923664122137406,-1.7633587786259541,0.5725190839694656,1588106746.297811
0.7445967163085937,0.373495458984375,9.253589416503905,-2.3206106870229006,-1.6564885496183206,-0.030534351145038167,1588106746.3130133
0.6464344482421874,0.10773907470703124,9.291896643066405,-2.282442748091603,-1.534351145038168,0.5343511450381679,1588106746.3283525
0.5506663818359374,0.13168109130859373,9.351751684570312,-2.1297709923664123,-1.816793893129771,0.549618320610687,1588106746.3434367
0.63206923828125,0.3447650390625,9.114725720214842,-2.068702290076336,-1.6717557251908397,0.6183206106870229,1588106746.358811
0.622492431640625,0.36631285400390623,9.435548742675781,-2.6030534351145036,-1.3282442748091603,-0.20610687022900764,1588106746.3739893
0.63206923828125,0.1197100830078125,9.272743029785156,-2.2519083969465647,-2.1068702290076335,0.4961832061068702,1588106746.3891704
0.679953271484375,0.143652099609375,9.366116894531249,-1.900763358778626,-1.3206106870229009,0.7480916030534351,1588106746.4043796
0.6464344482421874,0.30885201416015623,9.330203869628905,-2.2900763358778624,-1.816793893129771,0.03816793893129771,1588106746.4195669
0.7254431030273437,0.28969840087890625,9.275137231445312,-2.427480916030534,-1.5114503816793894,0.33587786259541985,1588106746.4385226
0.6200982299804687,0.143652099609375,9.406818322753905,-2.3740458015267176,-1.5114503816793894,0.32061068702290074,1588106746.4536228
0.6416460449218749,0.1867477294921875,9.287108239746093,-2.030534351145038,-1.9465648854961832,1.1145038167938932,1588106746.468805
0.6703764648437499,0.34237083740234375,9.351751684570312,-2.4885496183206106,-1.5877862595419847,-0.45038167938931295,1588106746.4839232
0.6943184814453125,0.2346317626953125,9.351751684570312,-2.4198473282442747,-1.6641221374045803,0.5801526717557252,1588106746.4990644
0.6416460449218749,0.08140285644531249,9.507374792480467,-2.2213740458015265,-1.5114503816793894,0.6641221374045801,1588106746.5142376
0.6392518432617187,0.28969840087890625,9.188945971679686,-2.1526717557251906,-1.9770992366412214,0.3435114503816794,1588106746.529442
0.7206546997070312,0.2537853759765625,9.397241516113281,-2.3587786259541983,-1.9923664122137406,0.022900763358778626,1588106746.552425
0.6655880615234374,0.1197100830078125,9.344569079589844,-2.045801526717557,-1.7786259541984732,0.9465648854961832,1588106746.567608
0.6177040283203125,0.3016694091796875,9.404424121093749,-2.2442748091603053,-1.8702290076335877,0.2366412213740458,1588106746.5827894
0.6200982299804687,0.2753331909179687,9.184157568359375,-2.435114503816794,-1.8778625954198473,0.2366412213740458,1588106746.5979977
0.6105214233398437,0.2059013427734375,9.315838659667968,-2.015267175572519,-1.6106870229007633,0.46564885496183206,1588106746.613513
0.6679822631835937,0.26336218261718747,9.253589416503905,-2.3740458015267176,-1.984732824427481,0.4198473282442748,1588106746.6287782
0.7422025146484375,0.201112939453125,9.26316622314453,-2.213740458015267,-1.2213740458015268,0.366412213740458,1588106746.6440263
0.5865794067382812,0.21308394775390624,9.205705383300781,-2.4580152671755724,-2.0916030534351147,0.4732824427480916,1588106746.6593027
0.7326257080078125,0.20350714111328125,9.411606726074218,-2.16793893129771,-1.183206106870229,0.48854961832061067,1588106746.674495
0.5961562133789062,0.22505495605468748,9.236830004882812,-2.1603053435114505,-1.8396946564885497,0.4580152671755725,1588106746.6896923
0.7158662963867187,0.2657563842773437,9.478644372558593,-2.1526717557251906,-1.9083969465648856,0.6793893129770993,1588106746.7048874
0.6919242797851562,0.2346317626953125,9.050082275390624,-2.4656488549618323,-1.4961832061068703,0.183206106870229,1588106746.7202537
0.6775590698242188,0.19632453613281248,9.45470235595703,-2.1374045801526718,-1.7557251908396947,0.9618320610687023,1588106746.7353418
0.6368576416015624,0.296881005859375,9.145850341796875,-2.1908396946564888,-1.534351145038168,0.2748091603053435,1588106746.7514353
0.6631938598632812,0.296881005859375,9.550470422363281,-2.1603053435114505,-1.6717557251908397,0.6946564885496184,1588106746.7667785
0.70868369140625,0.17477672119140625,9.062053283691405,-2.3740458015267176,-1.9923664122137406,-0.08396946564885496,1588106746.7819958
0.6368576416015624,0.13168109130859373,9.622296472167967,-1.984732824427481,-1.3129770992366412,1.0763358778625953,1588106746.7972379
0.718260498046875,0.30406361083984373,9.07163009033203,-2.2290076335877864,-2.16793893129771,-0.061068702290076333,1588106746.8124182
0.679953271484375,0.21068974609375,9.507374792480467,-2.198473282442748,-1.2442748091603053,0.7557251908396947,1588106746.8276346
0.612915625,0.18435352783203124,9.066841687011719,-2.068702290076336,-1.916030534351145,0.183206106870229,1588106746.8427737
0.6248866333007812,0.26336218261718747,9.469067565917967,-1.9923664122137406,-1.4198473282442747,0.8473282442748091,1588106746.857993
0.5746083984375,0.3399766357421875,9.227253198242186,-2.480916030534351,-2.0076335877862594,-0.3435114503816794,1588106746.8731291
0.7757213378906249,0.13407529296874998,9.361328491210937,-2.053435114503817,-1.7251908396946565,0.6870229007633588,1588106746.8884315
0.6560112548828124,0.21068974609375,9.366116894531249,-2.0610687022900764,-1.4961832061068703,0.2595419847328244,1588106746.9034717
0.6775590698242188,0.33518823242187495,9.311050256347656,-2.1374045801526718,-1.5954198473282444,0.5114503816793893,1588106746.918733
0.6679822631835937,0.2561795776367187,9.275137231445312,-2.183206106870229,-1.2290076335877862,0.015267175572519083,1588106746.9338722
0.6392518432617187,0.09337386474609374,9.253589416503905,-2.1374045801526718,-1.8931297709923665,0.9236641221374046,1588106746.9490325
0.5626373901367188,0.2920926025390625,9.255983618164063,-1.9083969465648856,-1.251908396946565,0.4198473282442748,1588106746.9642308
0.6560112548828124,0.44053310546874996,9.179369165039063,-2.618320610687023,-2.122137404580153,-0.22137404580152673,1588106746.9794369
0.718260498046875,0.17477672119140625,9.327809667968749,-2.2442748091603053,-1.3740458015267176,0.7557251908396947,1588106746.9946291
0.6560112548828124,0.1580173095703125,9.337386474609374,-1.9618320610687023,-2.3435114503816794,0.6335877862595419,1588106747.0098264
0.8595183959960937,0.38786066894531246,9.117119921875,-2.633587786259542,-0.6793893129770993,0.9770992366412213,1588106747.0249627
0.22505495605468748,0.5865794067382812,9.526528405761718,-3.0916030534351147,-1.4732824427480915,-0.549618320610687,1588106747.040289
0.4381389038085937,-0.055066638183593745,9.342174877929686,-2.732824427480916,-1.748091603053435,-0.16030534351145037,1588106747.055355
0.44532150878906246,-0.35194764404296874,9.33978067626953,-1.0687022900763359,-1.8473282442748091,2.5572519083969465,1588106747.0706463
1.0726023437499999,0.45968671875,9.193734375,-1.5572519083969465,-1.8244274809160306,-0.10687022900763359,1588106747.0858705
1.1324573852539062,0.5315127685546874,9.433154541015625,-2.595419847328244,-1.4122137404580153,-0.5267175572519084,1588106747.1010618
1.3431471313476562,-0.05746083984375,9.179369165039063,-1.7709923664122138,-1.366412213740458,1.1068702290076335,1588106747.1162171
1.1611878051757811,0.07422025146484375,9.397241516113281,-1.748091603053435,-1.7786259541984732,0.9083969465648855,1588106747.1312592
1.4987702392578124,0.354341845703125,9.045293872070312,-2.2519083969465647,-0.3053435114503817,-0.29770992366412213,1588106747.1463306
1.43652099609375,0.181959326171875,9.449913952636718,-1.8854961832061068,-4.259541984732825,0.6106870229007634,1588106747.1614687
2.5426421630859375,0.19871873779296872,8.990227233886719,-2.633587786259542,-4.1603053435114505,0.29770992366412213,1588106747.1802764
2.4779987182617185,0.239420166015625,9.334992272949219,-2.16793893129771,0.2824427480916031,0.8396946564885496,1588106747.1953135
2.1452046874999997,-0.33758243408203126,9.13627353515625,-0.35877862595419846,-2.83206106870229,1.213740458015267,1588106747.2106
2.877830395507812,0.373495458984375,9.670180505371093,-1.4427480916030535,-0.6412213740458015,-0.5114503816793893,1588106747.225818
2.858676782226562,-0.19632453613281248,9.313444458007812,-2.49618320610687,-2.0916030534351147,3.5572519083969465,1588106747.2409372
3.4859576171874997,0.3136404174804687,9.267954626464844,-1.4122137404580153,-3.9770992366412212,-1.9083969465648856,1588106747.2560794
4.048595007324218,-0.411802685546875,8.700528833007812,-1.0458015267175573,-4.404580152671755,-0.16030534351145037,1588106747.2712216
3.507505432128906,0.24899697265624998,9.334992272949219,-1.7557251908396947,2.099236641221374,-2.6030534351145036,1588106747.2864559
2.8514941772460936,1.3096283081054687,9.311050256347656,-9.923664122137405,-1.4580152671755726,-3.1603053435114505,1588106747.301515
2.8012159423828122,-1.3670891479492187,8.643067993164061,1.7633587786259541,-1.2671755725190839,-4.9541984732824424,1588106747.3167984
2.8419173706054686,0.28490999755859375,9.217676391601563,0.7251908396946565,5.0534351145038165,1.4961832061068703,1588106747.3319967
1.927332336425781,1.01514150390625,8.94473740234375,-5.564885496183206,-6.450381679389313,-3.16793893129771,1588106747.3475718
2.9735984619140625,0.8690952026367187,11.113884106445312,-8.694656488549619,1.6641221374045803,-8.50381679389313,1588106747.3627763
1.4963760375976562,-0.1484405029296875,10.556035119628906,-3.900763358778626,1.1603053435114503,-5.106870229007634,1588106747.3782904
1.3120225097656248,-0.4955997436523437,9.545682019042967,-3.4198473282442747,-1.8396946564885497,-5.099236641221374,1588106747.3933077
0.42377369384765623,-0.507570751953125,10.637437976074217,-1.465648854961832,3.5877862595419847,-4.511450381679389,1588106747.408653
0.28730419921875,1.3000515014648437,8.88009395751953,-1.4885496183206106,2.4732824427480917,6.862595419847328,1588106747.4238002
0.6584054565429687,2.020706201171875,6.813897924804687,-3.2442748091603053,6.038167938931298,-0.7251908396946565,1588106747.4389925
-1.1635820068359375,1.024718310546875,7.364564306640625,-3.0,-17.717557251908396,-3.900763358778626,1588106747.4542027
2.461239306640625,-0.9864110839843749,8.070853796386718,1.083969465648855,1.381679389312977,0.17557251908396945,1588106747.469441
-1.0438719238281249,-0.6296750366210937,9.006986645507812,-3.6259541984732824,-8.389312977099237,3.7251908396946565,1588106747.4845922
0.9457096557617187,0.7350199096679687,9.512163195800781,-6.480916030534351,-4.587786259541985,-3.4656488549618323,1588106747.4997532
-0.08858546142578125,-0.9840168823242187,10.314220751953124,-2.801526717557252,-10.244274809160306,1.8931297709923665,1588106747.5149145
0.97683427734375,1.20667763671875,10.223241088867187,-9.15267175572519,3.9770992366412212,4.717557251908397,1588106747.5302348
-3.172317199707031,-0.30885201416015623,7.615955480957031,-1.0610687022900764,-28.519083969465647,3.9770992366412212,1588106747.545196
1.024718310546875,0.44053310546874996,8.188169677734374,-3.0076335877862594,8.969465648854962,-2.763358778625954,1588106747.5607474
-2.090138049316406,0.5123591552734374,8.978256225585938,-2.4656488549618323,-8.587786259541986,-5.709923664122138,1588106747.5759995
0.031124621582031248,0.4333505004882812,9.789890588378906,-2.0763358778625953,-3.8702290076335877,-1.3893129770992367,1588106747.591153
-1.3862427612304686,1.5801730957031248,9.179369165039063,-3.519083969465649,-4.366412213740458,-2.053435114503817,1588106747.606452
-0.055066638183593745,-0.00239420166015625,7.505822204589843,-2.801526717557252,-1.213740458015267,-1.1450381679389312,1588106747.6215253
-0.8379705810546875,-0.39264907226562495,9.121908325195312,-5.450381679389313,-10.541984732824428,-4.66412213740458,1588106747.6368234
0.6488286499023437,0.04548983154296875,8.779537487792968,-1.7404580152671756,-1.6259541984732824,0.6717557251908397,1588106747.6519508
0.18914193115234373,0.03591302490234375,8.769960681152343,0.030534351145038167,-3.572519083969466,-0.06870229007633588,1588106747.667163
3.801992236328125,1.8195932617187498,9.765948571777344,-3.4656488549618323,0.09923664122137404,-1.0916030534351144,1588106747.6823123
0.5482721801757812,-0.0909796630859375,9.70369932861328,-2.1526717557251906,-0.9618320610687023,0.46564885496183206,1588106747.7127438
-1.0941501586914062,-0.12210428466796874,9.720458740234374,-0.31297709923664124,5.320610687022901,0.5801526717557252,1588106747.727972
-1.2808978881835937,0.34715924072265625,9.279925634765624,-1.3969465648854962,-6.320610687022901,-0.4961832061068702,1588106747.7431211
0.59376201171875,1.0773907470703123,9.373299499511718,-4.320610687022901,0.7709923664122137,-1.282442748091603,1588106747.7584665
-0.45489831542968745,0.13168109130859373,9.287108239746093,-3.0916030534351147,-2.763358778625954,0.24427480916030533,1588106747.7735476
0.258573779296875,0.1005564697265625,9.289502441406249,-2.66412213740458,-2.984732824427481,0.4351145038167939,1588106747.7887678
0.33039982910156246,-0.201112939453125,9.3086560546875,-0.6564885496183206,-1.5648854961832062,2.0,1588106747.8039272
0.1771709228515625,0.47884033203125,9.215282189941405,-2.66412213740458,-2.4198473282442747,-0.9389312977099237,1588106747.8191404
0.5003881469726562,0.277727392578125,9.361328491210937,-1.984732824427481,-3.183206106870229,0.5725190839694656,1588106747.8342867
0.4836287353515625,0.17477672119140625,9.215282189941405,-2.7480916030534353,-2.404580152671756,0.1450381679389313,1588106747.8495169
0.3687070556640625,0.22266075439453123,9.471461767578125,-2.312977099236641,-1.5419847328244274,0.8091603053435115,1588106747.864691
0.18914193115234373,0.33758243408203126,9.203311181640624,-2.786259541984733,-2.2977099236641223,-0.20610687022900764,1588106747.8799822
0.469263525390625,0.21787235107421873,9.380482104492186,-2.564885496183206,-1.4961832061068703,-0.12213740458015267,1588106747.8950815
0.23702596435546874,0.16759411621093748,9.327809667968749,-2.3053435114503817,-3.0,0.7938931297709924,1588106747.9104028
0.5602431884765625,0.296881005859375,9.255983618164063,-2.7557251908396947,-1.984732824427481,0.26717557251908397,1588106747.9291873
0.3064578125,0.27293898925781246,9.4618849609375,-2.717557251908397,-2.2442748091603053,0.3893129770992366,1588106747.9447067
0.44053310546874996,0.13407529296874998,9.09796630859375,-2.404580152671756,-2.1068702290076335,0.5572519083969466,1588106747.959827
0.4477157104492187,0.12449848632812499,9.253589416503905,-2.7251908396946565,-1.1068702290076335,1.1068702290076335,1588106747.974895
0.16759411621093748,0.3902548706054687,9.248801013183593,-2.816793893129771,-1.4961832061068703,0.7251908396946565,1588106747.9900694
0.16519991455078123,-0.011971008300781249,9.473855969238281,-2.068702290076336,-7.564885496183206,-1.2290076335877862,1588106748.0050685
1.1611878051757811,-0.22744915771484372,9.521740002441407,-2.236641221374046,-1.9694656488549618,0.17557251908396945,1588106748.0203516
0.12449848632812499,0.10773907470703124,9.284714038085937,-1.5725190839694656,-2.015267175572519,2.3282442748091605,1588106748.0427387
0.4477157104492187,0.6488286499023437,9.119514123535156,-3.2442748091603053,-2.4732824427480917,-1.366412213740458,1588106748.0579557
0.7757213378906249,0.06464344482421874,9.382876306152344,-2.6717557251908395,-2.381679389312977,0.6412213740458015,1588106748.073128
0.8044517578125,-0.0526724365234375,9.440337145996093,-1.6641221374045803,-2.4198473282442747,2.2519083969465647,1588106748.0885043
1.0175357055664063,0.33758243408203126,9.145850341796875,-2.030534351145038,-0.46564885496183206,0.33587786259541985,1588106748.1036124
0.55545478515625,0.4860229370117187,9.449913952636718,-2.572519083969466,-1.8015267175572518,-0.015267175572519083,1588106748.1188347
0.7781155395507812,0.09816226806640624,9.26316622314453,-2.49618320610687,-3.1526717557251906,-0.04580152671755725,1588106748.134026
0.8044517578125,0.011971008300781249,9.440337145996093,-1.6717557251908397,-1.0381679389312977,1.3587786259541985,1588106748.149187
0.5003881469726562,0.316034619140625,9.215282189941405,-2.114503816793893,-1.0076335877862594,0.3893129770992366,1588106748.1643744
0.4740519287109375,0.3854664672851562,9.406818322753905,-2.7404580152671754,-2.49618320610687,-0.32061068702290074,1588106748.1795166
0.8858546142578124,0.011971008300781249,9.337386474609374,-2.2442748091603053,-1.984732824427481,0.7022900763358778,1588106748.194877
0.7996633544921875,0.1292868896484375,9.330203869628905,-1.7633587786259541,-1.0381679389312977,0.9465648854961832,1588106748.2103372
0.6847416748046875,0.3016694091796875,9.406818322753905,-2.2977099236641223,-1.633587786259542,0.2824427480916031,1588106748.2255344
0.6607996582031249,0.2657563842773437,9.399635717773437,-2.4198473282442747,-2.122137404580153,-0.183206106870229,1588106748.2407355
0.718260498046875,0.05027823486328125,9.485826977539062,-2.145038167938931,-1.9236641221374047,0.6259541984732825,1588106748.2559857
0.6081272216796875,0.11013327636718749,9.30147344970703,-2.045801526717557,-1.4122137404580153,0.9618320610687023,1588106748.271186
0.6919242797851562,0.35194764404296874,9.366116894531249,-2.198473282442748,-1.8091603053435115,0.25190839694656486,1588106748.2864242
0.7517793212890624,0.28969840087890625,9.239224206542968,-2.2213740458015265,-1.7709923664122138,-0.20610687022900764,1588106748.3014455
0.7326257080078125,0.11731588134765625,9.356540087890625,-2.16793893129771,-1.4351145038167938,0.7480916030534351,1588106748.3167558
0.6344634399414062,0.16280571289062498,9.387664709472656,-2.015267175572519,-1.3511450381679388,0.7786259541984732,1588106748.331903
0.6512228515624999,0.3327940307617187,9.370905297851563,-2.2519083969465647,-2.122137404580153,0.17557251908396945,1588106748.3472183
0.7326257080078125,0.2657563842773437,9.287108239746093,-2.4198473282442747,-1.7557251908396947,0.1450381679389313,1588106748.3624275
0.6871358764648438,0.07900865478515624,9.303867651367186,-1.9618320610687023,-1.6641221374045803,0.6259541984732825,1588106748.3776836
0.7350199096679687,0.17956512451171874,9.370905297851563,-2.312977099236641,-1.3740458015267176,0.6106870229007634,1588106748.392885
0.6679822631835937,0.34237083740234375,9.289502441406249,-2.3206106870229006,-1.6717557251908397,0.007633587786259542,1588106748.408056
0.6512228515624999,0.14125789794921875,9.37808790283203,-2.2595419847328246,-1.5419847328244274,0.3435114503816794,1588106748.4231634
0.6512228515624999,0.10773907470703124,9.284714038085937,-1.9312977099236641,-1.9389312977099236,0.8396946564885496,1588106748.4384537
0.6751648681640625,0.2753331909179687,9.244012609863281,-2.2213740458015265,-1.9541984732824427,0.4351145038167939,1588106748.4534748
0.718260498046875,0.28012159423828126,9.358934289550781,-2.3969465648854964,-1.4732824427480915,0.19083969465648856,1588106748.468746
0.7015010864257812,0.15562310791015624,9.306261853027344,-2.2977099236641223,-1.4122137404580153,0.5267175572519084,1588106748.4839132
0.689530078125,0.15083470458984374,9.37808790283203,-2.099236641221374,-1.4809160305343512,0.4580152671755725,1588106748.4991035
0.6105214233398437,0.277727392578125,9.215282189941405,-2.068702290076336,-1.6564885496183206,0.5038167938931297,1588106748.5142758
0.6560112548828124,0.181959326171875,9.387664709472656,-2.312977099236641,-1.7633587786259541,0.35877862595419846,1588106748.52948
0.7038952880859375,0.229843359375,9.196128576660156,-2.2442748091603053,-2.0381679389312977,0.1984732824427481,1588106748.544938
0.8068459594726562,0.15322890625,9.435548742675781,-2.015267175572519,-1.4045801526717556,0.648854961832061,1588106748.5602815
0.699106884765625,0.24181436767578124,9.260772021484375,-2.16793893129771,-1.5648854961832062,0.48854961832061067,1588106748.5753486
0.7278373046875,0.21787235107421873,9.404424121093749,-2.2595419847328246,-1.5267175572519085,0.4198473282442748,1588106748.590669
0.63206923828125,0.18914193115234373,9.203311181640624,-2.2290076335877864,-1.7099236641221374,0.44274809160305345,1588106748.605895
0.6416460449218749,0.2059013427734375,9.370905297851563,-2.2519083969465647,-1.633587786259542,0.5954198473282443,1588106748.6210594
0.6847416748046875,0.19632453613281248,9.323021264648437,-2.183206106870229,-1.6793893129770991,0.4122137404580153,1588106748.6361966
0.7541735229492187,0.25139117431640623,9.390058911132812,-2.312977099236641,-1.450381679389313,0.35877862595419846,1588106748.6512659
0.6584054565429687,0.12210428466796874,9.265560424804686,-2.1908396946564888,-1.534351145038168,0.4961832061068702,1588106748.6707335
0.6560112548828124,0.22026655273437498,9.368511096191405,-2.1603053435114505,-1.4885496183206106,0.5725190839694656,1588106748.6859596
0.59376201171875,0.2154781494140625,9.313444458007812,-2.2900763358778624,-1.916030534351145,0.5190839694656488,1588106748.7010448
0.8188169677734375,0.21787235107421873,9.289502441406249,-2.312977099236641,-1.8854961832061068,0.40458015267175573,1588106748.716173
0.7637503295898437,0.18914193115234373,9.3086560546875,-2.3435114503816794,-1.6717557251908397,0.2595419847328244,1588106748.7312052
0.718260498046875,0.16519991455078123,9.251195214843749,-2.3969465648854964,-1.5572519083969465,0.44274809160305345,1588106748.7464375
0.6177040283203125,0.1771709228515625,9.287108239746093,-1.9312977099236641,-1.4809160305343512,0.42748091603053434,1588106748.7614617
0.70868369140625,0.21308394775390624,9.277531433105468,-2.213740458015267,-1.8625954198473282,0.2595419847328244,1588106748.7767608
0.7038952880859375,0.22026655273437498,9.248801013183593,-2.1526717557251906,-1.7633587786259541,0.25190839694656486,1588106748.7918591
0.6488286499023437,0.201112939453125,9.315838659667968,-1.9541984732824427,-1.8625954198473282,0.5419847328244275,1588106748.8070283
0.7326257080078125,0.20350714111328125,9.320627062988281,-2.3053435114503817,-1.5877862595419847,0.3969465648854962,1588106748.8222196
0.6775590698242188,0.229843359375,9.34696328125,-2.0916030534351147,-1.4045801526717556,0.22900763358778625,1588106748.837484
0.6560112548828124,0.15083470458984374,9.289502441406249,-2.3282442748091605,-1.8091603053435115,0.3816793893129771,1588106748.852663
0.622492431640625,0.20350714111328125,9.351751684570312,-2.053435114503817,-1.7709923664122138,0.5114503816793893,1588106748.8679013
0.6751648681640625,0.1580173095703125,9.169792358398437,-2.2519083969465647,-1.8473282442748091,0.6335877862595419,1588106748.8830605
0.689530078125,0.16998831787109375,9.387664709472656,-2.183206106870229,-1.6106870229007633,0.3816793893129771,1588106748.8983877
0.7493851196289062,0.15322890625,9.198522778320312,-2.1603053435114505,-1.4961832061068703,0.32061068702290074,1588106748.913388
0.7589619262695312,0.24660277099609373,9.184157568359375,-2.2213740458015265,-0.9312977099236641,1.3893129770992367,1588106748.9288032
0.6105214233398437,0.39743747558593745,9.303867651367186,-2.2213740458015265,-1.816793893129771,0.24427480916030533,1588106748.9440064
0.36152445068359373,0.23702596435546874,9.598354455566406,-2.519083969465649,-2.5419847328244276,-0.8625954198473282,1588106748.9593828
0.7709329345703124,-0.24181436767578124,9.236830004882812,-1.366412213740458,-1.8778625954198473,2.0229007633587788,1588106748.974568
1.0199299072265624,0.22026655273437498,9.334992272949219,-1.1450381679389312,-0.2595419847328244,1.3740458015267176,1588106748.9897552
1.0390835205078124,0.5243301635742187,9.227253198242186,-2.549618320610687,-1.0381679389312977,-0.7251908396946565,1588106749.0048904
0.9026140258789062,-0.0047884033203125,9.366116894531249,-1.8854961832061068,-0.5114503816793893,0.3893129770992366,1588106749.0202336
0.9935936889648437,-0.055066638183593745,9.33978067626953,-0.9770992366412213,-1.717557251908397,1.6641221374045803,1588106749.0352979
1.419761584472656,0.28012159423828126,9.337386474609374,-1.3969465648854962,-1.0916030534351144,0.7251908396946565,1588106749.050615
1.7860744384765623,0.4429273071289062,9.327809667968749,-1.5572519083969465,-1.7404580152671756,-0.1984732824427481,1588106749.0659442
2.01112939453125,0.3064578125,9.239224206542968,-3.1374045801526718,-1.3740458015267176,-0.44274809160305345,1588106749.0821595
2.437297290039062,-0.10295067138671875,9.291896643066405,-2.648854961832061,-0.26717557251908397,-0.22137404580152673,1588106749.0972648
2.114080065917969,-0.08140285644531249,9.382876306152344,-0.8015267175572519,-2.3969465648854964,0.37404580152671757,1588106749.112322
2.2577321655273437,0.5578489868164063,9.447519750976562,-3.068702290076336,-5.923664122137405,-2.2977099236641223,1588106749.1277103
3.6727053466796873,-0.06943184814453125,9.361328491210937,-2.4427480916030535,-2.0,-1.916030534351145,1588106749.1428444
3.2537200561523436,-0.11013327636718749,9.275137231445312,-1.4122137404580153,0.9389312977099237,-1.3969465648854962,1588106749.1585288
2.272097375488281,0.076614453125,9.449913952636718,1.297709923664122,-1.1450381679389312,0.9312977099236641,1588106749.173617
2.142810485839844,0.373495458984375,9.272743029785156,-0.5114503816793893,0.7480916030534351,0.4351145038167939,1588106749.188815
2.003946789550781,0.39743747558593745,9.497797985839844,-0.9465648854961832,-4.229007633587786,-1.2442748091603053,1588106749.2040224
3.3327287109375,0.2059013427734375,10.0748005859375,-5.519083969465649,-5.122137404580153,-2.2519083969465647,1588106749.2192266
3.019088293457031,0.009576806640625,9.536105212402344,-3.7786259541984735,5.366412213740458,1.2748091603053435,1588106749.234603
1.4437036010742186,-0.258573779296875,8.997409838867187,-1.9465648854961832,-0.7404580152671756,2.3053435114503817,1588106749.249787
3.0262708984374997,0.11252747802734374,9.526528405761718,-3.801526717557252,-7.679389312977099,0.12213740458015267,1588106749.2648723
2.480392919921875,0.5698199951171875,8.8872765625,-4.083969465648855,-5.587786259541985,2.1603053435114505,1588106749.2802405
2.446874096679687,1.0989385620117187,9.457096557617186,-4.99236641221374,-3.053435114503817,6.450381679389313,1588106749.2953277
2.5163059448242184,0.48123453369140623,9.476250170898437,-3.732824427480916,-12.717557251908397,-5.427480916030534,1588106749.310623
2.5617957763671875,-0.55545478515625,12.076353173828124,-6.511450381679389,12.213740458015268,-2.1068702290076335,1588106749.3258681
-1.0271125122070313,-1.9871873779296874,10.682927807617187,-1.5877862595419847,-6.900763358778626,-0.7557251908396947,1588106749.3410344
1.0773907470703123,-0.507570751953125,10.73799444580078,-2.3206106870229006,-4.0,-3.648854961832061,1588106749.3561885
2.0278888061523435,1.5634136840820312,10.050858569335936,-4.557251908396947,13.664122137404581,8.038167938931299,1588106749.371276
-3.0550013183593747,-0.6751648681640625,7.716511950683593,-4.229007633587786,3.6412213740458017,1.4198473282442747,1588106749.3865721
-0.8810662109374999,-0.565031591796875,8.932766394042968,-2.8091603053435112,-5.572519083969466,-1.6641221374045803,1588106749.4016213
0.603338818359375,-0.46208092041015625,8.487444885253906,0.10687022900763359,4.893129770992366,1.717557251908397,1588106749.4205327
-3.0023288818359375,-0.5147533569335937,10.156203442382813,-1.1374045801526718,-16.435114503816795,0.0916030534351145,1588106749.435741
1.7812860351562498,0.9840168823242187,9.907206469726562,-2.099236641221374,9.946564885496183,-5.213740458015267,1588106749.4508193
-3.265691064453125,-2.114080065917969,11.259930407714844,-3.7480916030534353,-7.870229007633588,-1.7328244274809161,1588106749.4659355
-0.5315127685546874,-0.21308394775390624,10.144232434082031,-4.99236641221374,6.343511450381679,-4.67175572519084,1588106749.4810445
-2.6982652709960937,1.2737152832031249,9.507374792480467,-5.557251908396947,-26.290076335877863,-0.21374045801526717,1588106749.4961767
0.25139117431640623,-0.1771709228515625,8.760383874511719,-1.1374045801526718,-5.3893129770992365,3.450381679389313,1588106749.5113091
-1.85790048828125,1.2785036865234374,8.997409838867187,-6.526717557251908,-0.31297709923664124,-4.99236641221374,1588106749.5265954
-2.6312276245117188,0.2705447875976562,9.402029919433593,-2.83206106870229,4.99236641221374,-2.4198473282442747,1588106749.5502613
-2.906560815429687,0.17238251953125,9.402029919433593,-2.183206106870229,-7.343511450381679,-1.1908396946564885,1588106749.5653713
-0.7110778930664062,0.42377369384765623,9.392453112792968,-3.068702290076336,0.12213740458015267,-0.648854961832061,1588106749.5807836
-2.0661960327148434,0.11731588134765625,9.323021264648437,-0.8320610687022901,-0.29770992366412213,-0.5114503816793893,1588106749.596052
-1.158793603515625,0.689530078125,9.227253198242186,-3.3969465648854964,-1.4809160305343512,-0.9083969465648855,1588106749.611239
-1.2401964599609374,0.2825157958984375,9.433154541015625,-2.66412213740458,-1.786259541984733,0.5038167938931297,1588106749.6270843
-0.15083470458984374,-0.011971008300781249,9.323021264648437,-0.8931297709923665,-4.251908396946565,1.0610687022900764,1588106749.6422515
0.5434837768554687,0.4213794921875,9.402029919433593,-1.8931297709923665,-0.09923664122137404,0.015267175572519083,1588106749.6575358
0.3399766357421875,0.35673604736328124,9.222464794921875,-2.633587786259542,-2.312977099236641,-0.4580152671755725,1588106749.672725
1.1180921752929687,0.02154781494140625,9.387664709472656,-2.3435114503816794,-2.2748091603053435,-0.46564885496183206,1588106749.6879582
1.0654197387695312,0.09576806640624999,9.64623848876953,-1.3435114503816794,-2.954198473282443,3.6946564885496183,1588106749.7030973
0.40462008056640625,0.10295067138671875,10.096348400878906,-3.648854961832061,0.15267175572519084,0.29770992366412213,1588106749.7184556
0.21068974609375,-0.1149216796875,8.882488159179687,-3.0381679389312977,0.3435114503816794,-0.24427480916030533,1588106749.7335398
0.6416460449218749,-0.2346317626953125,9.169792358398437,-1.3969465648854962,-3.7709923664122136,0.04580152671755725,1588106749.7491102
1.005564697265625,0.4477157104492187,9.291896643066405,-2.1297709923664123,-1.16793893129771,-0.8931297709923665,1588106749.7642822
0.51714755859375,0.36391865234375,9.239224206542968,-1.9694656488549618,0.8625954198473282,0.3511450381679389,1588106749.7795236
0.5003881469726562,0.047884033203124995,9.248801013183593,-2.732824427480916,-2.519083969465649,0.5038167938931297,1588106749.7946758
0.8667010009765624,0.07900865478515624,9.428366137695312,-1.633587786259542,-0.5267175572519084,0.08396946564885496,1588106749.809849
0.7062894897460937,0.05985504150390625,9.299079248046874,-1.900763358778626,-3.3893129770992365,0.12213740458015267,1588106749.8249643
1.2713210815429687,0.48123453369140623,9.277531433105468,-2.3740458015267176,-1.0305343511450382,-1.0076335877862594,1588106749.8402565
0.718260498046875,0.7326257080078125,9.04050546875,-4.190839694656488,-1.8854961832061068,-2.16793893129771,1588106749.8552926
0.6344634399414062,-0.15083470458984374,9.284714038085937,-2.3206106870229006,-2.9160305343511452,-0.8396946564885496,1588106749.8706129
0.5817910034179687,-0.3687070556640625,9.464279162597656,-1.1603053435114503,-2.519083969465649,1.6946564885496183,1588106749.885915
0.33039982910156246,0.74699091796875,8.66940421142578,-2.5801526717557253,1.282442748091603,0.5572519083969466,1588106749.9010184
0.6464344482421874,1.5586252807617187,9.038111267089842,-3.114503816793893,0.1984732824427481,1.5725190839694656,1588106749.9161706
0.076614453125,0.0909796630859375,9.572018237304688,-1.618320610687023,-1.5572519083969465,2.1068702290076335,1588106749.9312139
-0.05746083984375,-0.5985504150390625,9.514557397460937,-2.2061068702290076,-2.0610687022900764,0.5267175572519084,1588106749.946473
0.22744915771484372,-0.181959326171875,9.234435803222656,-1.366412213740458,-1.5190839694656488,0.16030534351145037,1588106749.9615083
0.21308394775390624,1.0941501586914062,9.428366137695312,-3.312977099236641,-2.0916030534351147,-1.5114503816793894,1588106749.9768424
0.5698199951171875,0.5410895751953124,9.270348828125,-3.854961832061069,-0.9618320610687023,-0.1984732824427481,1588106749.9919755
0.17477672119140625,-0.5626373901367188,9.337386474609374,-1.786259541984733,-2.9236641221374047,1.786259541984733,1588106750.0071228
0.5482721801757812,-0.10773907470703124,9.229647399902344,-1.4274809160305344,-1.0381679389312977,1.0916030534351144,1588106750.0223072
0.229843359375,0.7230489013671875,9.294290844726563,-2.5419847328244276,-3.0,-1.0229007633587786,1588106750.0375693
0.4955997436523437,0.5219359619140624,9.358934289550781,-3.198473282442748,-1.099236641221374,-0.6946564885496184,1588106750.0527244
0.354341845703125,-0.2346317626953125,9.289502441406249,-2.145038167938931,-2.2213740458015265,1.633587786259542,1588106750.0679266
0.55545478515625,-0.09576806640624999,9.478644372558593,-1.297709923664122,-1.6106870229007633,1.8473282442748091,1588106750.083061
0.5003881469726562,0.49799394531249996,9.332598071289063,-2.435114503816794,-2.2900763358778624,-0.8854961832061069,1588106750.098299
0.6488286499023437,0.44532150878906246,9.447519750976562,-2.9770992366412212,-2.4885496183206106,-0.3435114503816794,1588106750.1133344
0.8595183959960937,-0.055066638183593745,9.344569079589844,-2.2748091603053435,-1.816793893129771,1.366412213740458,1588106750.1286285
0.7422025146484375,0.03591302490234375,9.402029919433593,-1.7938931297709924,-1.8473282442748091,1.4274809160305344,1588106750.1436777
0.8810662109374999,0.36391865234375,9.390058911132812,-2.5343511450381677,-1.7328244274809161,-0.549618320610687,1588106750.1624653
0.7924807495117187,0.2657563842773437,9.399635717773437,-2.763358778625954,-1.4351145038167938,-0.03816793893129771,1588106750.1776774
0.6464344482421874,-0.03591302490234375,9.325415466308593,-1.9923664122137406,-1.534351145038168,1.3587786259541985,1588106750.1927986
0.6177040283203125,0.09816226806640624,9.315838659667968,-1.786259541984733,-1.8778625954198473,0.7633587786259542,1588106750.2079058
0.679953271484375,0.3232172241210937,9.255983618164063,-2.381679389312977,-1.9236641221374047,-0.32061068702290074,1588106750.222956
0.70868369140625,0.25139117431640623,9.375693701171874,-2.49618320610687,-1.8244274809160306,0.10687022900763359,1588106750.2380931
0.7326257080078125,0.11013327636718749,9.351751684570312,-2.0916030534351147,-1.6946564885496183,1.1755725190839694,1588106750.2531774
0.7781155395507812,0.17956512451171874,9.239224206542968,-1.9236641221374047,-1.6793893129770991,0.7175572519083969,1588106750.2685206
0.7230489013671875,0.277727392578125,9.318232861328125,-2.3893129770992365,-1.5419847328244274,-0.12213740458015267,1588106750.283578
0.7110778930664062,0.229843359375,9.366116894531249,-2.519083969465649,-1.534351145038168,0.3435114503816794,1588106750.298748
0.6919242797851562,0.17477672119140625,9.258377819824219,-2.1374045801526718,-1.6106870229007633,0.9312977099236641,1588106750.3139153
0.679953271484375,0.21308394775390624,9.330203869628905,-2.267175572519084,-2.015267175572519,0.366412213740458,1588106750.3291385
0.7278373046875,0.201112939453125,9.294290844726563,-2.404580152671756,-1.8015267175572518,-0.007633587786259542,1588106750.3443558
0.699106884765625,0.1388636962890625,9.277531433105468,-2.053435114503817,-1.6106870229007633,0.42748091603053434,1588106750.359935
0.7637503295898437,0.1484405029296875,9.260772021484375,-2.0763358778625953,-1.7328244274809161,0.8549618320610687,1588106750.375044
0.7230489013671875,0.17956512451171874,9.358934289550781,-2.145038167938931,-1.900763358778626,0.4580152671755725,1588106750.3903964
0.612915625,0.21068974609375,9.215282189941405,-2.053435114503817,-1.6106870229007633,0.17557251908396945,1588106750.4056685
0.6488286499023437,0.15083470458984374,9.294290844726563,-2.183206106870229,-1.83206106870229,0.549618320610687,1588106750.420781
0.70868369140625,0.21068974609375,9.354145886230468,-1.816793893129771,-1.7404580152671756,0.7099236641221374,1588106750.4361901
0.7422025146484375,0.181959326171875,9.291896643066405,-2.2442748091603053,-1.6641221374045803,0.26717557251908397,1588106750.4511971
0.7661445312499999,0.11731588134765625,9.368511096191405,-2.2595419847328246,-1.6641221374045803,0.44274809160305345,1588106750.4664524
0.7541735229492187,0.16998831787109375,9.392453112792968,-2.0076335877862594,-1.6564885496183206,0.5343511450381679,1588106750.4815745
0.679953271484375,0.18435352783203124,9.265560424804686,-2.1297709923664123,-1.6412213740458015,0.3969465648854962,1588106750.496924
0.6536170532226562,0.16759411621093748,9.258377819824219,-2.4122137404580153,-1.6946564885496183,0.25190839694656486,1588106750.512125
0.6823474731445313,0.16519991455078123,9.37808790283203,-2.1297709923664123,-1.7557251908396947,0.3511450381679389,1588106750.5273693
0.7134720947265625,0.19153613281249998,9.33978067626953,-2.1068702290076335,-1.5954198473282444,0.6335877862595419,1588106750.5425014
0.74699091796875,0.11731588134765625,9.289502441406249,-2.16793893129771,-1.6488549618320612,0.22137404580152673,1588106750.5576477
0.7134720947265625,0.1484405029296875,9.325415466308593,-2.114503816793893,-1.5267175572519085,0.42748091603053434,1588106750.573332
0.7589619262695312,0.18435352783203124,9.368511096191405,-2.1526717557251906,-1.5725190839694656,0.48091603053435117,1588106750.588643
0.6703764648437499,0.2442085693359375,9.198522778320312,-2.3893129770992365,-1.816793893129771,0.4351145038167939,1588106750.6037743
0.7517793212890624,0.2442085693359375,9.351751684570312,-2.3435114503816794,-1.786259541984733,0.44274809160305345,1588106750.6192765
0.7422025146484375,0.19393033447265623,9.258377819824219,-2.3282442748091605,-1.7251908396946565,0.42748091603053434,1588106750.6344888
0.7661445312499999,0.22026655273437498,9.404424121093749,-2.16793893129771,-1.6793893129770991,0.22137404580152673,1588106750.649759
0.7589619262695312,0.201112939453125,9.244012609863281,-2.427480916030534,-1.8931297709923665,0.35877862595419846,1588106750.6649253
0.7230489013671875,0.181959326171875,9.344569079589844,-2.1374045801526718,-1.6106870229007633,0.5648854961832062,1588106750.6802995
0.6967126831054687,0.16998831787109375,9.244012609863281,-2.099236641221374,-1.633587786259542,0.21374045801526717,1588106750.6954856
0.7038952880859375,0.11731588134765625,9.349357482910156,-2.381679389312977,-1.6870229007633588,0.3969465648854962,1588106750.710785
0.5698199951171875,0.2154781494140625,9.296685046386719,-2.2519083969465647,-1.8244274809160306,0.3053435114503817,1588106750.725944
0.6871358764648438,0.1867477294921875,9.363722692871093,-2.4122137404580153,-1.7786259541984732,0.3969465648854962,1588106750.7410994
0.7757213378906249,0.16280571289062498,9.311050256347656,-2.2748091603053435,-1.748091603053435,0.33587786259541985,1588106750.7562425
0.74699091796875,0.2154781494140625,9.311050256347656,-2.2442748091603053,-1.5725190839694656,0.5038167938931297,1588106750.7713187
0.7302315063476562,0.20829554443359374,9.327809667968749,-2.1755725190839694,-1.5114503816793894,0.6717557251908397,1588106750.7866359
0.689530078125,0.19871873779296872,9.332598071289063,-2.2900763358778624,-1.5801526717557253,0.5114503816793893,1588106750.80168
0.6919242797851562,0.25139117431640623,9.366116894531249,-2.33587786259542,-1.6870229007633588,0.33587786259541985,1588106750.8168664
0.6177040283203125,0.18914193115234373,9.284714038085937,-2.068702290076336,-1.7938931297709924,0.37404580152671757,1588106750.8320365
0.6177040283203125,0.19871873779296872,9.418789331054686,-2.2519083969465647,-1.4961832061068703,0.40458015267175573,1588106750.8472028
0.6464344482421874,0.19393033447265623,9.18655177001953,-2.2213740458015265,-1.7557251908396947,0.5801526717557252,1588106750.8623729
0.7876923461914062,0.17238251953125,9.334992272949219,-2.1374045801526718,-1.9083969465648856,0.45038167938931295,1588106750.8776262
0.7709329345703124,0.11731588134765625,9.236830004882812,-2.404580152671756,-1.4045801526717556,0.32061068702290074,1588106750.8964686
0.6679822631835937,0.07422025146484375,9.246406811523437,-2.0,-1.5725190839694656,0.549618320610687,1588106750.911433
0.6296750366210937,0.21308394775390624,9.830592016601562,-2.1297709923664123,-1.4274809160305344,0.5343511450381679,1588106750.926675
0.6512228515624999,0.24899697265624998,8.710105639648438,-2.4198473282442747,-1.8473282442748091,0.13740458015267176,1588106750.9416664
0.6703764648437499,0.2059013427734375,9.926360083007811,-2.480916030534351,-2.145038167938931,0.5725190839694656,1588106750.9571445
0.8020575561523438,-0.06703764648437499,8.992621435546875,-2.198473282442748,-1.8702290076335877,0.7251908396946565,1588106750.9722888
0.8068459594726562,0.24181436767578124,9.76116016845703,-1.9923664122137406,-1.251908396946565,0.22900763358778625,1588106750.987595
0.6440402465820312,0.411802685546875,8.789114294433594,-2.519083969465649,-1.984732824427481,0.3511450381679389,1588106751.0027633
0.7972691528320313,0.12689268798828124,9.758765966796874,-2.3435114503816794,-1.83206106870229,0.6641221374045801,1588106751.0179763
0.8307879760742187,-0.016759411621093748,8.954314208984375,-2.0381679389312977,-1.3129770992366412,0.7251908396946565,1588106751.037302
0.7924807495117187,0.51714755859375,9.006986645507812,-3.045801526717557,-1.8854961832061068,0.061068702290076333,1588106751.0564325
0.6344634399414062,-0.02154781494140625,9.794678991699218,-2.5801526717557253,-1.6106870229007633,0.816793893129771,1588106751.0715497
0.8092401611328125,-0.17956512451171874,8.690952026367187,-1.6030534351145038,-1.6030534351145038,0.45038167938931295,1588106751.0869179
0.6105214233398437,0.3950432739257812,10.244788903808594,-1.8854961832061068,-2.0229007633587788,-0.1297709923664122,1588106751.102102
0.8307879760742187,0.47884033203125,8.458714465332031,-3.16793893129771,-1.213740458015267,0.15267175572519084,1588106751.1172912
0.6919242797851562,0.15322890625,9.91438907470703,-2.4732824427480917,-1.7099236641221374,0.7557251908396947,1588106751.1324675
0.9864110839843749,-0.07422025146484375,8.441955053710936,-2.1374045801526718,-1.3206106870229009,0.8396946564885496,1588106751.1477165
0.6009446166992187,0.25139117431640623,10.04846436767578,-1.9389312977099236,-1.900763358778626,0.030534351145038167,1588106751.1629288
0.7015010864257812,0.38786066894531246,8.88009395751953,-2.1603053435114505,-1.1755725190839694,-0.015267175572519083,1588106751.1782482
0.5602431884765625,0.1867477294921875,9.667786303710937,-2.427480916030534,-1.7328244274809161,0.7557251908396947,1588106751.1936183
0.8044517578125,0.11252747802734374,8.987833032226561,-2.6793893129770994,-1.3587786259541985,0.816793893129771,1588106751.2088616
0.7134720947265625,0.03591302490234375,9.588777648925781,-2.3053435114503817,-1.9618320610687023,0.1297709923664122,1588106751.2240646
0.8092401611328125,0.0909796630859375,9.150638745117186,-2.122137404580153,-1.5725190839694656,0.11450381679389313,1588106751.2393038
0.7422025146484375,0.1292868896484375,9.241618408203124,-2.2595419847328246,-2.8625954198473282,0.7557251908396947,1588106751.254395
0.7996633544921875,0.18435352783203124,9.428366137695312,-2.5267175572519083,0.2595419847328244,0.5114503816793893,1588106751.2695594
0.2825157958984375,0.14125789794921875,8.765172277832031,-2.312977099236641,-2.381679389312977,0.8015267175572519,1588106751.2847254
0.7829039428710937,0.2657563842773437,10.218452685546874,-1.9541984732824427,-0.26717557251908397,0.25190839694656486,1588106751.2999616
0.41419688720703124,0.047884033203124995,8.329427575683594,-2.236641221374046,-1.5877862595419847,0.5801526717557252,1588106751.315189
0.82360537109375,0.086191259765625,10.462661254882812,-2.2900763358778624,-2.9618320610687023,0.1297709923664122,1588106751.330511
0.9864110839843749,0.22026655273437498,8.257601525878906,-2.3282442748091605,-0.6030534351145038,0.4122137404580153,1588106751.3457673
0.5027823486328125,0.19871873779296872,10.338162768554687,-1.748091603053435,-2.595419847328244,0.7938931297709924,1588106751.3609445
0.5985504150390625,0.09816226806640624,8.767566479492187,-1.8625954198473282,-0.366412213740458,0.6793893129770993,1588106751.3760626
0.5530605834960938,0.12210428466796874,9.627084875488281,-2.282442748091603,-3.2290076335877864,0.007633587786259542,1588106751.391212
0.8283937744140625,0.3064578125,9.627084875488281,-2.068702290076336,-1.3893129770992367,0.022900763358778626,1588106751.406438
0.5985504150390625,0.1149216796875,8.82981572265625,-2.3206106870229006,-2.0229007633587788,0.9541984732824428,1588106751.4214773
0.9744400756835937,0.02633621826171875,10.168174450683592,-1.8702290076335877,-3.1526717557251906,0.17557251908396945,1588106751.4366925
0.7733271362304687,0.02633621826171875,8.403647827148436,-2.0381679389312977,-0.11450381679389313,0.6335877862595419,1588106751.4517357
0.411802685546875,0.27293898925781246,9.981426721191406,-1.9694656488549618,-2.3282442748091605,0.7480916030534351,1588106751.4669259
0.8547299926757812,0.28730419921875,8.674192614746094,-2.2213740458015265,0.3053435114503817,0.5877862595419847,1588106751.48216
0.6009446166992187,0.016759411621093748,9.583989245605467,-2.33587786259542,-3.0076335877862594,0.22900763358778625,1588106751.4973373
0.9720458740234375,0.16519991455078123,8.923189587402343,-1.8854961832061068,-0.8473282442748091,0.33587786259541985,1588106751.5131316
0.63206923828125,0.2537853759765625,9.665392102050781,-2.053435114503817,-1.7633587786259541,0.7251908396946565,1588106751.5284479
0.8044517578125,0.29927520751953124,9.141061938476563,-2.4580152671755724,-1.1374045801526718,0.0916030534351145,1588106751.543516
0.5051765502929687,0.011971008300781249,9.464279162597656,-2.0763358778625953,-1.8473282442748091,0.3969465648854962,1588106751.558798
0.9026140258789062,0.143652099609375,9.397241516113281,-2.2213740458015265,-2.1603053435114505,0.24427480916030533,1588106751.5739453
0.8092401611328125,0.3136404174804687,9.30147344970703,-2.3740458015267176,-2.0076335877862594,0.24427480916030533,1588106751.5891645
0.82360537109375,0.19632453613281248,9.397241516113281,-2.6412213740458017,-2.0381679389312977,0.2366412213740458,1588106751.6042738
0.584185205078125,-0.055066638183593745,9.636661682128906,-1.5954198473282444,-1.1068702290076335,0.3435114503816794,1588106751.619453
0.6272808349609375,0.1005564697265625,9.222464794921875,-1.6564885496183206,-2.519083969465649,0.0916030534351145,1588106751.6383023
0.679953271484375,0.5506663818359374,8.501810095214843,-2.9389312977099236,-1.9618320610687023,-0.25190839694656486,1588106751.6533446
0.6105214233398437,0.29448680419921874,10.110713610839843,-3.1908396946564888,-2.2061068702290076,0.8244274809160306,1588106751.6685688
0.7589619262695312,-0.3232172241210937,9.215282189941405,-1.3358778625954197,-0.9541984732824428,0.9618320610687023,1588106751.683559
0.5674257934570313,0.14125789794921875,9.258377819824219,-1.0610687022900764,-2.5343511450381677,-0.31297709923664124,1588106751.6986861
1.1348515869140625,0.5722141967773438,9.423577734375,-3.0076335877862594,-3.6946564885496183,0.42748091603053434,1588106751.7137773
0.8116343627929687,0.25139117431640623,9.442731347656249,-3.068702290076336,1.4274809160305344,1.2061068702290076,1588106751.7289755
0.3016694091796875,-0.06464344482421874,9.2320416015625,-1.9770992366412214,-4.6183206106870225,0.09923664122137404,1588106751.744156
1.3144167114257812,0.0383072265625,8.664615808105468,-1.7633587786259541,0.07633587786259542,-0.2900763358778626,1588106751.759418
0.2442085693359375,0.258573779296875,9.835380419921874,-2.49618320610687,-4.190839694656488,0.9770992366412213,1588106751.7745461
1.0079588989257813,0.15322890625,9.239224206542968,-1.8702290076335877,2.8091603053435112,0.48854961832061067,1588106751.7897794
0.42377369384765623,0.17477672119140625,8.872911352539061,-2.564885496183206,-4.076335877862595,-0.26717557251908397,1588106751.8049006
1.0079588989257813,0.42377369384765623,9.476250170898437,-2.427480916030534,-0.015267175572519083,0.5267175572519084,1588106751.820212
0.6153098266601562,0.0383072265625,9.363722692871093,-1.9236641221374047,-2.1526717557251906,1.450381679389313,1588106751.835239
0.97683427734375,0.0430956298828125,9.507374792480467,-1.8778625954198473,-1.9541984732824427,0.2748091603053435,1588106751.8505452
0.6488286499023437,0.3711012573242187,9.066841687011719,-2.7404580152671754,-2.312977099236641,0.15267175572519084,1588106751.8657913
0.6464344482421874,0.3016694091796875,9.509768994140625,-2.732824427480916,-1.4732824427480915,0.5267175572519084,1588106751.8809876
0.6871358764648438,0.028730419921875,9.3086560546875,-2.1297709923664123,-1.2595419847328244,0.5190839694656488,1588106751.8961809
0.8020575561523438,0.009576806640625,9.090783703613281,-1.83206106870229,-2.5267175572519083,0.4961832061068702,1588106751.911276
0.7565677246093749,0.3399766357421875,9.744400756835937,-2.3206106870229006,-1.381679389312977,0.3893129770992366,1588106751.9266021
0.7254431030273437,0.2705447875976562,8.951920007324219,-2.6106870229007635,-1.4809160305343512,0.44274809160305345,1588106751.9417195
0.5770026000976562,0.1149216796875,9.710881933593749,-2.053435114503817,-1.4580152671755726,0.2366412213740458,1588106751.9569128
0.6775590698242188,0.14125789794921875,9.066841687011719,-2.145038167938931,-1.9923664122137406,0.5038167938931297,1588106751.972117
0.7924807495117187,0.15322890625,9.428366137695312,-2.2213740458015265,-1.9694656488549618,0.4198473282442748,1588106751.9873312
0.7900865478515624,0.20829554443359374,9.49300958251953,-2.4122137404580153,-2.030534351145038,0.4580152671755725,1588106752.0025094
0.7637503295898437,0.1771709228515625,8.901641772460938,-2.2290076335877864,-0.6564885496183206,0.5877862595419847,1588106752.0176613
0.4740519287109375,0.16519991455078123,9.988609326171874,-2.1755725190839694,-1.9389312977099236,0.3969465648854962,1588106752.0328147
0.7302315063476562,0.13646949462890623,8.719682446289061,-1.9236641221374047,-1.0458015267175573,0.5343511450381679,1588106752.0480018
0.7613561279296874,0.19871873779296872,9.74200655517578,-2.381679389312977,-2.435114503816794,0.3511450381679389,1588106752.063193
0.8667010009765624,0.15083470458984374,9.272743029785156,-2.366412213740458,-2.145038167938931,0.42748091603053434,1588106752.0784943
0.6248866333007812,0.19393033447265623,9.236830004882812,-2.2900763358778624,-1.2900763358778626,0.7404580152671756,1588106752.0936353
0.6847416748046875,0.24660277099609373,9.564835632324218,-1.9694656488549618,-2.099236641221374,0.1450381679389313,1588106752.1088135
0.7278373046875,0.086191259765625,8.990227233886719,-2.045801526717557,-1.251908396946565,0.10687022900763359,1588106752.123978
0.6368576416015624,0.1484405029296875,9.701305126953125,-2.0610687022900764,-1.465648854961832,0.6412213740458015,1588106752.139135
0.6440402465820312,0.27293898925781246,8.786720092773438,-2.236641221374046,-2.2290076335877864,0.6870229007633588,1588106752.1546981
0.7062894897460937,0.28490999755859375,9.900023864746093,-2.4580152671755724,-1.4274809160305344,0.07633587786259542,1588106752.1698804
0.6703764648437499,0.02154781494140625,8.949525805664061,-1.984732824427481,-1.83206106870229,0.6030534351145038,1588106752.1849425
0.7134720947265625,0.2609679809570312,9.471461767578125,-1.83206106870229,-1.5572519083969465,0.6793893129770993,1588106752.2003508
0.7110778930664062,0.4525041137695312,9.351751684570312,-2.6030534351145036,-1.5954198473282444,0.10687022900763359,1588106752.215588
0.6871358764648438,0.03591302490234375,9.14824454345703,-2.50381679389313,-1.4961832061068703,0.13740458015267176,1588106752.2308812
0.6847416748046875,-0.011971008300781249,9.737218151855469,-1.8625954198473282,-1.6259541984732824,0.8549618320610687,1588106752.2461243
0.7326257080078125,0.27293898925781246,8.82981572265625,-2.1603053435114505,-1.5267175572519085,0.5954198473282443,1588106752.2612946
0.6727706665039062,0.35194764404296874,9.854534033203125,-2.4122137404580153,-1.9618320610687023,-0.10687022900763359,1588106752.2766538
0.7398083129882812,0.05027823486328125,8.9255837890625,-2.2213740458015265,-1.5954198473282444,0.5190839694656488,1588106752.291728
0.6584054565429687,-0.0143652099609375,9.718064538574218,-2.030534351145038,-1.7786259541984732,0.7175572519083969,1588106752.3069332
0.7517793212890624,0.2442085693359375,9.229647399902344,-2.2061068702290076,-2.16793893129771,0.5343511450381679,1588106752.3220813
0.7062894897460937,0.33039982910156246,9.267954626464844,-2.404580152671756,-1.4122137404580153,0.1297709923664122,1588106752.3372595
0.70868369140625,0.13168109130859373,9.368511096191405,-2.282442748091603,-2.045801526717557,0.3816793893129771,1588106752.3525977
0.7445967163085937,-0.03591302490234375,9.184157568359375,-1.7709923664122138,-1.5648854961832062,0.7022900763358778,1588106752.367784
0.622492431640625,0.39743747558593745,9.440337145996093,-1.9923664122137406,-1.8015267175572518,0.1450381679389313,1588106752.3866954
0.7924807495117187,0.3495534423828125,9.030928662109375,-2.49618320610687,-1.5801526717557253,0.07633587786259542,1588106752.4018476
0.6679822631835937,-0.047884033203124995,9.56962403564453,-2.2595419847328246,-1.7633587786259541,0.5801526717557252,1588106752.4169948
0.7206546997070312,0.07900865478515624,9.143456140136719,-1.916030534351145,-1.633587786259542,0.7709923664122137,1588106752.432117
0.6296750366210937,0.39264907226562495,9.512163195800781,-2.0916030534351147,-1.5648854961832062,0.2824427480916031,1588106752.4472532
0.7517793212890624,0.21068974609375,9.066841687011719,-2.7709923664122136,-2.068702290076336,0.015267175572519083,1588106752.4630194
0.7254431030273437,-0.0718260498046875,9.399635717773437,-2.3893129770992365,-1.4580152671755726,0.7786259541984732,1588106752.4782965
0.603338818359375,0.10773907470703124,9.313444458007812,-1.5801526717557253,-1.8702290076335877,0.7938931297709924,1588106752.4933927
0.8283937744140625,0.3591302490234375,9.179369165039063,-2.2290076335877864,-1.1603053435114503,-0.08396946564885496,1588106752.508814
0.5722141967773438,0.12449848632812499,9.404424121093749,-2.4427480916030535,-2.1068702290076335,0.31297709923664124,1588106752.5240052
0.8355763793945312,0.01915361328125,9.181763366699219,-2.0916030534351147,-1.916030534351145,0.5572519083969466,1588106752.547055
0.7589619262695312,0.4165910888671875,9.3852705078125,-2.6412213740458017,-1.0763358778625953,0.022900763358778626,1588106752.562292
0.6368576416015624,0.23702596435546874,9.291896643066405,-2.7022900763358777,-1.9465648854961832,0.3435114503816794,1588106752.5775385
0.7015010864257812,-0.028730419921875,9.399635717773437,-1.9312977099236641,-1.2290076335877862,0.916030534351145,1588106752.5936306
0.6751648681640625,0.15562310791015624,9.275137231445312,-2.0229007633587788,-1.786259541984733,0.366412213740458,1588106752.6094189
0.737414111328125,0.3064578125,9.375693701171874,-2.267175572519084,-1.6870229007633588,0.0916030534351145,1588106752.624586
0.6751648681640625,0.20350714111328125,9.380482104492186,-2.4122137404580153,-1.7633587786259541,0.35877862595419846,1588106752.6397822
0.6296750366210937,0.0,9.26316622314453,-2.122137404580153,-2.015267175572519,0.48854961832061067,1588106752.6549294
0.6847416748046875,0.1484405029296875,9.296685046386719,-2.2595419847328246,-1.4580152671755726,0.35877862595419846,1588106752.6703076
0.718260498046875,0.28490999755859375,9.380482104492186,-2.282442748091603,-1.4885496183206106,0.2748091603053435,1588106752.6853929
0.7900865478515624,0.16759411621093748,9.287108239746093,-2.4580152671755724,-1.7251908396946565,0.42748091603053434,1588106752.700769
0.6584054565429687,0.08858546142578125,9.315838659667968,-2.16793893129771,-1.7938931297709924,0.5877862595419847,1588106752.7159503
0.7038952880859375,0.23223756103515625,9.287108239746093,-2.030534351145038,-1.4198473282442747,0.6335877862595419,1588106752.7311354
0.6105214233398437,0.3327940307617187,9.399635717773437,-2.381679389312977,-1.549618320610687,0.030534351145038167,1588106752.7461395
0.679953271484375,0.14604630126953125,9.26316622314453,-2.3053435114503817,-1.8549618320610688,0.29770992366412213,1588106752.761592
0.679953271484375,0.1580173095703125,9.330203869628905,-2.0229007633587788,-1.4351145038167938,0.7022900763358778,1588106752.7768471
0.7110778930664062,0.2537853759765625,9.315838659667968,-2.2290076335877864,-1.83206106870229,0.29770992366412213,1588106752.7920482
0.7541735229492187,0.2920926025390625,9.265560424804686,-2.435114503816794,-1.748091603053435,0.15267175572519084,1588106752.8072345
0.7398083129882812,0.18435352783203124,9.387664709472656,-2.145038167938931,-1.6641221374045803,0.4122137404580153,1588106752.8224146
0.6847416748046875,0.11252747802734374,9.320627062988281,-2.183206106870229,-1.549618320610687,0.5801526717557252,1588106752.837597
0.689530078125,0.27293898925781246,9.313444458007812,-2.2213740458015265,-1.5038167938931297,0.3435114503816794,1588106752.852732
0.6703764648437499,0.239420166015625,9.442731347656249,-2.1068702290076335,-1.7251908396946565,0.2824427480916031,1588106752.8678842
0.7326257080078125,0.16041151123046873,9.074024291992187,-2.1755725190839694,-1.465648854961832,0.5877862595419847,1588106752.8830094
0.7685387329101562,0.22744915771484372,9.445125549316407,-2.183206106870229,-1.7404580152671756,0.26717557251908397,1588106752.8983045
0.7422025146484375,0.18914193115234373,9.205705383300781,-2.2213740458015265,-1.5648854961832062,0.3511450381679389,1588106752.9133098
0.6488286499023437,0.24899697265624998,9.399635717773437,-2.114503816793893,-1.5954198473282444,0.4122137404580153,1588106752.9285789
0.7134720947265625,0.17238251953125,9.217676391601563,-2.1755725190839694,-1.748091603053435,0.3053435114503817,1588106752.943638
0.7015010864257812,0.23702596435546874,9.370905297851563,-2.053435114503817,-1.633587786259542,0.48854961832061067,1588106752.9588273
0.6775590698242188,0.16519991455078123,9.260772021484375,-2.1755725190839694,-1.9312977099236641,0.4351145038167939,1588106752.9739604
0.7230489013671875,0.19871873779296872,9.344569079589844,-2.1603053435114505,-1.4580152671755726,0.20610687022900764,1588106752.9890788
0.7350199096679687,0.15322890625,9.272743029785156,-2.282442748091603,-1.7251908396946565,0.2824427480916031,1588106753.0042748
0.7493851196289062,0.14604630126953125,9.349357482910156,-2.1603053435114505,-1.5877862595419847,0.5725190839694656,1588106753.0194972
0.7158662963867187,0.21068974609375,9.318232861328125,-2.1068702290076335,-1.9541984732824427,0.42748091603053434,1588106753.0346444
0.7350199096679687,0.18435352783203124,9.332598071289063,-2.16793893129771,-1.5954198473282444,0.4198473282442748,1588106753.0498164
0.6775590698242188,0.1771709228515625,9.327809667968749,-2.198473282442748,-1.8244274809160306,0.6259541984732825,1588106753.0649517
0.6703764648437499,0.16759411621093748,9.30147344970703,-2.1526717557251906,-1.7709923664122138,0.37404580152671757,1588106753.080211
0.6703764648437499,0.181959326171875,9.315838659667968,-2.3282442748091605,-1.717557251908397,0.19083969465648856,1588106753.095242
0.7230489013671875,0.277727392578125,9.423577734375,-2.2748091603053435,-1.6870229007633588,0.44274809160305345,1588106753.1105683
0.74699091796875,0.15083470458984374,9.253589416503905,-2.3053435114503817,-1.633587786259542,0.40458015267175573,1588106753.1304388
0.7733271362304687,0.13168109130859373,9.311050256347656,-2.3740458015267176,-1.618320610687023,0.4198473282442748,1588106753.145365
0.7398083129882812,0.16998831787109375,9.363722692871093,-2.114503816793893,-1.916030534351145,0.366412213740458,1588106753.160679
0.74699091796875,0.2561795776367187,9.402029919433593,-2.4122137404580153,-1.4961832061068703,0.3511450381679389,1588106753.1783965
0.7062894897460937,0.15083470458984374,9.275137231445312,-2.1297709923664123,-1.6870229007633588,0.5572519083969466,1588106753.1934285
0.6823474731445313,0.1771709228515625,9.380482104492186,-2.068702290076336,-1.6259541984732824,0.35877862595419846,1588106753.208726
0.689530078125,0.19393033447265623,9.3086560546875,-2.2748091603053435,-1.4351145038167938,0.4198473282442748,1588106753.224017
0.7062894897460937,0.23223756103515625,9.318232861328125,-2.2442748091603053,-1.786259541984733,0.1984732824427481,1588106753.2391553
0.6177040283203125,0.12689268798828124,9.253589416503905,-2.1908396946564888,-1.8091603053435115,0.6641221374045801,1588106753.2542984
0.7422025146484375,0.1771709228515625,9.275137231445312,-1.8931297709923665,-1.6641221374045803,0.5114503816793893,1588106753.2694595
0.6871358764648438,0.16041151123046873,9.30147344970703,-2.114503816793893,-1.450381679389313,0.5343511450381679,1588106753.2856538
0.6248866333007812,0.13407529296874998,9.409212524414063,-2.045801526717557,-1.83206106870229,0.45038167938931295,1588106753.300872
0.6679822631835937,0.181959326171875,9.358934289550781,-2.2748091603053435,-1.5801526717557253,0.48091603053435117,1588106753.3160732
0.6823474731445313,0.22744915771484372,9.200916979980468,-2.33587786259542,-2.0229007633587788,0.4122137404580153,1588106753.3311913
0.7900865478515624,0.2154781494140625,9.351751684570312,-2.33587786259542,-1.6641221374045803,0.4580152671755725,1588106753.3464375
0.7422025146484375,0.201112939453125,9.390058911132812,-2.3206106870229006,-1.6412213740458015,0.46564885496183206,1588106753.3619359
0.6847416748046875,0.18435352783203124,9.337386474609374,-2.0839694656488548,-1.618320610687023,0.6412213740458015,1588106753.3770669
0.7134720947265625,0.19393033447265623,9.244012609863281,-2.3893129770992365,-1.6488549618320612,0.5877862595419847,1588106753.3923652
0.6727706665039062,0.16998831787109375,9.351751684570312,-2.4580152671755724,-1.5877862595419847,0.33587786259541985,1588106753.4076014
0.7158662963867187,0.16041151123046873,9.354145886230468,-1.9923664122137406,-1.8931297709923665,0.4580152671755725,1588106753.4379656
0.7015010864257812,0.2154781494140625,9.234435803222656,-2.2061068702290076,-1.6717557251908397,0.183206106870229,1588106753.453105
0.679953271484375,0.19393033447265623,9.203311181640624,-2.2061068702290076,-1.7938931297709924,0.3969465648854962,1588106753.46841
0.6655880615234374,0.16519991455078123,9.37808790283203,-2.1603053435114505,-1.7633587786259541,0.3053435114503817,1588106753.4834812
0.6488286499023437,0.23223756103515625,9.313444458007812,-2.015267175572519,-1.5267175572519085,0.46564885496183206,1588106753.4988105
0.6631938598632812,0.24899697265624998,9.3086560546875,-2.351145038167939,-1.6106870229007633,0.366412213740458,1588106753.5140526
0.7278373046875,0.20829554443359374,9.354145886230468,-2.2213740458015265,-1.534351145038168,0.40458015267175573,1588106753.5293467
