Ax1,Ay1,Az1,Ax2,Ay2,Az2,time
0.26336218261718747,0.12689268798828124,9.282319836425781,-0.06703764648437499,0.16759411621093748,9.157821350097656,1588111364.9513068
0.181959326171875,0.0383072265625,9.452308154296874,-0.09816226806640624,0.44053310546874996,8.978256225585938,1588111364.9678276
0.19632453613281248,0.086191259765625,9.227253198242186,-0.2059013427734375,0.25139117431640623,9.179369165039063,1588111364.9849362
0.24899697265624998,-0.011971008300781249,9.4618849609375,0.1197100830078125,0.37828386230468747,9.0021982421875,1588111365.001551
0.22505495605468748,0.028730419921875,9.421183532714844,-0.2609679809570312,0.46686932373046874,9.246406811523437,1588111365.0181794
0.24899697265624998,0.16759411621093748,9.217676391601563,-0.1484405029296875,0.5506663818359374,9.066841687011719,1588111365.0350301
0.21068974609375,0.05027823486328125,9.409212524414063,-0.0143652099609375,0.32561142578124996,9.26316622314453,1588111365.0517218
0.181959326171875,0.031124621582031248,9.191340173339842,-0.09337386474609374,0.2705447875976562,9.114725720214842,1588111365.0668695
0.14604630126953125,0.201112939453125,9.41639512939453,-0.06703764648437499,0.4165910888671875,9.220070593261719,1588111365.081866
0.2346317626953125,0.14604630126953125,9.239224206542968,-0.2537853759765625,0.1149216796875,9.085995300292968,1588111365.0967805
0.18914193115234373,-0.07422025146484375,9.351751684570312,-0.14604630126953125,0.2920926025390625,9.18655177001953,1588111365.1117232
0.14604630126953125,0.1197100830078125,9.342174877929686,0.08140285644531249,0.14604630126953125,9.026140258789061,1588111365.1267087
0.2657563842773437,0.086191259765625,9.397241516113281,-0.06943184814453125,0.44532150878906246,9.138667736816405,1588111365.1416583
0.19393033447265623,-0.011971008300781249,9.397241516113281,-0.15562310791015624,0.43574470214843747,9.145850341796875,1588111365.1564999
0.2753331909179687,-0.0526724365234375,9.265560424804686,-0.24899697265624998,0.5506663818359374,9.09796630859375,1588111365.1715364
0.13407529296874998,0.143652099609375,9.349357482910156,-0.10295067138671875,0.40462008056640625,8.95670841064453,1588111365.186486
0.29927520751953124,-0.028730419921875,9.354145886230468,0.201112939453125,0.603338818359375,9.179369165039063,1588111365.2015796
0.1580173095703125,0.055066638183593745,9.382876306152344,-0.1005564697265625,0.28012159423828126,9.112331518554686,1588111365.2166133
0.28012159423828126,0.12689268798828124,9.306261853027344,-0.19393033447265623,0.38786066894531246,8.786720092773438,1588111365.2486196
0.2705447875976562,0.076614453125,9.37808790283203,-0.30885201416015623,0.1867477294921875,9.229647399902344,1588111365.26354
0.28730419921875,0.0909796630859375,9.337386474609374,-0.2537853759765625,0.37828386230468747,9.018957653808593,1588111365.2784345
0.2346317626953125,0.08858546142578125,9.294290844726563,-0.047884033203124995,0.3327940307617187,9.267954626464844,1588111365.2934031
0.2705447875976562,0.023942016601562498,9.330203869628905,-0.16998831787109375,0.41419688720703124,9.114725720214842,1588111365.308323
0.15322890625,0.05027823486328125,9.248801013183593,-0.07422025146484375,0.27293898925781246,9.0788126953125,1588111365.3233073
0.2346317626953125,0.0909796630859375,9.2320416015625,0.17238251953125,0.44053310546874996,9.050082275390624,1588111365.33823
0.229843359375,0.0718260498046875,9.332598071289063,0.040701428222656245,0.24660277099609373,9.239224206542968,1588111365.3532126
0.27293898925781246,-0.028730419921875,9.287108239746093,-0.13407529296874998,0.19871873779296872,9.145850341796875,1588111365.3681102
0.16280571289062498,0.08379705810546874,9.375693701171874,-0.11252747802734374,0.5985504150390625,9.325415466308593,1588111365.3831787
0.09816226806640624,0.0909796630859375,9.332598071289063,-0.2753331909179687,0.28012159423828126,9.121908325195312,1588111365.3981023
0.22026655273437498,-0.028730419921875,9.34696328125,0.040701428222656245,0.4285620971679687,9.272743029785156,1588111365.4131198
0.239420166015625,-0.08140285644531249,9.30147344970703,0.14125789794921875,0.2705447875976562,8.91840118408203,1588111365.4280756
0.29927520751953124,0.24899697265624998,9.270348828125,-0.16280571289062498,0.6248866333007812,9.260772021484375,1588111365.443572
0.27293898925781246,0.06943184814453125,9.299079248046874,0.07422025146484375,0.040701428222656245,9.026140258789061,1588111365.4584837
0.17477672119140625,-0.14125789794921875,9.361328491210937,0.016759411621093748,0.12210428466796874,9.267954626464844,1588111365.4734352
0.24899697265624998,0.12689268798828124,9.351751684570312,-0.38786066894531246,0.46686932373046874,9.081206896972656,1588111365.4883668
0.2059013427734375,0.23223756103515625,9.282319836425781,-0.13407529296874998,0.4070142822265625,9.047688073730468,1588111365.5033305
0.229843359375,0.033518823242187495,9.279925634765624,-0.40222587890625,0.19632453613281248,9.179369165039063,1588111365.5182168
0.18914193115234373,-0.05985504150390625,9.251195214843749,0.05027823486328125,0.30885201416015623,9.085995300292968,1588111365.5331876
0.3136404174804687,0.1149216796875,9.332598071289063,0.011971008300781249,0.5123591552734374,9.157821350097656,1588111365.5481331
0.23223756103515625,0.1388636962890625,9.349357482910156,-0.181959326171875,0.47884033203125,8.853757739257812,1588111365.5631788
0.2346317626953125,0.02633621826171875,9.361328491210937,-0.16998831787109375,0.32082302246093747,9.18655177001953,1588111365.5781262
0.15322890625,-0.011971008300781249,9.306261853027344,-0.16759411621093748,0.2705447875976562,9.14824454345703,1588111365.5939858
0.1771709228515625,0.10773907470703124,9.464279162597656,-0.27293898925781246,0.689530078125,9.361328491210937,1588111365.6087825
0.21068974609375,0.10295067138671875,9.258377819824219,-0.011971008300781249,0.21308394775390624,9.011775048828124,1588111365.624128
0.15562310791015624,0.031124621582031248,9.41639512939453,-0.3016694091796875,0.26336218261718747,9.217676391601563,1588111365.6390007
0.2537853759765625,-0.0526724365234375,9.248801013183593,-0.062249243164062495,0.21308394775390624,8.834604125976561,1588111365.6541083
0.1771709228515625,0.09576806640624999,9.392453112792968,0.18435352783203124,0.430956298828125,9.062053283691405,1588111365.6690378
0.2609679809570312,0.10295067138671875,9.294290844726563,-0.023942016601562498,0.5363011718749999,9.042899670410156,1588111365.6842115
0.17477672119140625,0.0430956298828125,9.363722692871093,-0.20350714111328125,0.1197100830078125,9.179369165039063,1588111365.699085
0.1580173095703125,-0.0383072265625,9.2320416015625,-0.05027823486328125,0.17956512451171874,9.121908325195312,1588111365.7142355
0.20829554443359374,0.11731588134765625,9.397241516113281,-0.0909796630859375,0.2346317626953125,9.016563452148437,1588111365.729094
0.22505495605468748,0.17477672119140625,9.279925634765624,-0.23223756103515625,0.3854664672851562,8.920795385742187,1588111365.7440908
0.3327940307617187,-0.028730419921875,9.380482104492186,-0.13168109130859373,0.36152445068359373,8.961496813964843,1588111365.7589853
0.21068974609375,0.040701428222656245,9.236830004882812,-0.1771709228515625,0.3495534423828125,9.13627353515625,1588111365.774078
0.3184288208007812,0.201112939453125,9.330203869628905,0.07422025146484375,0.30885201416015623,8.846575134277343,1588111365.7889414
0.3280056274414062,0.4644751220703125,9.215282189941405,-0.7422025146484375,0.6248866333007812,9.473855969238281,1588111365.8041182
0.11252747802734374,-0.016759411621093748,9.129090930175781,-0.1771709228515625,-0.13168109130859373,9.227253198242186,1588111365.8190205
0.055066638183593745,-0.689530078125,9.4618849609375,0.05985504150390625,-0.19871873779296872,9.351751684570312,1588111365.834098
0.4955997436523437,0.0,9.129090930175781,-0.143652099609375,0.4908113403320312,9.1554271484375,1588111365.8489697
0.5051765502929687,0.5506663818359374,9.418789331054686,0.6177040283203125,0.6177040283203125,9.05965908203125,1588111365.8640954
0.4908113403320312,0.15562310791015624,9.220070593261719,0.08379705810546874,0.031124621582031248,9.215282189941405,1588111365.878939
0.3687070556640625,-0.35673604736328124,9.325415466308593,0.22026655273437498,0.24181436767578124,9.004592443847656,1588111365.8939946
-0.0718260498046875,0.00718260498046875,9.244012609863281,-0.047884033203124995,0.8020575561523438,9.083601098632812,1588111365.9173374
0.10295067138671875,0.29448680419921874,9.196128576660156,-0.5913678100585937,0.3112462158203125,9.165003955078124,1588111365.932341
0.15322890625,-0.0526724365234375,9.502586389160156,-0.06943184814453125,0.1292868896484375,9.09796630859375,1588111365.9471085
-0.04548983154296875,-0.06703764648437499,9.222464794921875,-0.29927520751953124,0.4644751220703125,9.102754711914063,1588111365.9620543
0.3184288208007812,0.1771709228515625,9.344569079589844,-0.0047884033203125,0.48123453369140623,9.088389501953124,1588111365.981423
0.296881005859375,0.16041151123046873,9.311050256347656,0.239420166015625,0.11731588134765625,9.062053283691405,1588111365.9963565
0.5099649536132812,-0.03591302490234375,9.299079248046874,0.12689268798828124,0.3327940307617187,9.13627353515625,1588111366.011445
0.4381389038085937,0.040701428222656245,9.3086560546875,0.277727392578125,0.354341845703125,9.157821350097656,1588111366.0263677
0.47165772705078124,0.04548983154296875,9.236830004882812,0.14604630126953125,0.24899697265624998,9.1554271484375,1588111366.0413592
0.7805097412109374,0.033518823242187495,9.296685046386719,0.8307879760742187,0.229843359375,9.299079248046874,1588111366.0565758
0.6943184814453125,-0.0047884033203125,9.315838659667968,0.5195417602539062,0.22505495605468748,8.985438830566405,1588111366.0715513
1.3120225097656248,-0.086191259765625,9.363722692871093,1.2330138549804688,0.35194764404296874,9.169792358398437,1588111366.086567
1.2761094848632812,-0.011971008300781249,9.253589416503905,1.0534487304687499,-0.0430956298828125,8.942343200683593,1588111366.1015487
1.62805712890625,0.1197100830078125,9.368511096191405,1.3766659545898436,0.10773907470703124,9.430760339355468,1588111366.1164582
1.946485949707031,-0.3447650390625,9.409212524414063,1.5705962890624998,0.3280056274414062,9.119514123535156,1588111366.1314428
2.2481553588867187,-0.011971008300781249,9.255983618164063,1.6328455322265625,0.7924807495117187,9.306261853027344,1588111366.1463354
2.310404602050781,0.0718260498046875,9.80665,1.6041151123046875,0.3806780639648437,8.973467822265624,1588111366.1613798
3.0214824951171875,0.7110778930664062,8.434772448730468,1.2330138549804688,-0.9409212524414062,10.158597644042969,1588111366.1763206
2.118868469238281,-0.09816226806640624,10.196904870605469,3.3590649291992185,3.0334535034179684,8.47786807861328,1588111366.191378
1.8028338500976562,-1.1516109985351561,9.282319836425781,2.91134921875,1.4939818359375,9.373299499511718,1588111366.2063057
1.8698714965820311,0.5722141967773438,10.314220751953124,3.402160559082031,0.948103857421875,7.9846625366210935,1588111366.2213364
1.3024457031249999,-0.1197100830078125,8.219294299316406,2.729389892578125,-1.1252747802734375,9.528922607421874,1588111366.2363138
2.616862414550781,0.7254431030273437,9.89523546142578,2.437297290039062,-0.023942016601562498,7.936778503417968,1588111366.2513723
1.5035586425781249,-0.4572925170898437,8.501810095214843,1.8938135131835936,1.2401964599609374,8.219294299316406,1588111366.266292
2.4779987182617185,0.8714894042968749,10.544064111328124,1.6615759521484375,1.0366893188476562,10.172962854003906,1588111366.2813597
2.2960393920898436,-0.00718260498046875,10.089165795898436,4.338293408203125,0.5698199951171875,8.06367119140625,1588111366.2963152
0.5315127685546874,1.5610194824218748,8.67658681640625,0.086191259765625,0.6344634399414062,7.072471704101562,1588111366.3113248
2.0087351928710935,-0.8714894042968749,8.875305554199219,1.6352397338867186,-0.7278373046875,7.5345526245117185,1588111366.3262424
1.7310078002929687,1.5777788940429687,7.829039428710937,0.9121908325195311,1.7764976318359373,9.765948571777344,1588111366.3412678
1.7238251953125,1.419761584472656,8.793902697753905,0.8786720092773437,2.528276953125,6.433219860839843,1588111366.3561895
-1.2904746948242187,-1.3096283081054687,8.736441857910156,4.333505004882812,0.40940848388671874,9.885658654785155,1588111366.3712192
2.2385785522460937,0.74699091796875,11.058817468261719,-1.6472107421875,-1.4796166259765624,10.129867224121092,1588111366.3862417
2.3511060302734372,1.3024457031249999,9.56962403564453,-0.6153098266601562,0.4070142822265625,8.82981572265625,1588111366.4012952
1.7860744384765623,1.5059528442382812,9.260772021484375,1.0295067138671874,1.8602946899414061,7.728482958984374,1588111366.4162018
-0.469263525390625,-1.1228805786132812,11.192892761230468,-3.1699229980468746,-1.7262193969726563,8.566453540039062,1588111366.4312065
-0.7637503295898437,0.7589619262695312,9.957484704589843,0.967257470703125,-0.4213794921875,9.41639512939453,1588111366.446223
-0.7158662963867187,1.656787548828125,8.099584216308592,-3.9839515624999997,3.181894006347656,6.718129858398437,1588111366.4613106
-0.7852981445312499,-0.5674257934570313,7.283161450195312,-1.7381904052734374,2.4564509033203126,9.287108239746093,1588111366.476283
-1.7190367919921874,0.296881005859375,10.029310754394531,-2.243366955566406,-2.020706201171875,7.948749511718749,1588111366.4915538
-1.3144167114257812,0.6464344482421874,9.502586389160156,-1.9943699829101562,-0.3854664672851562,8.820238916015624,1588111366.5065303
-1.8171990600585937,1.6519991455078125,10.778695874023438,-3.873818286132812,3.210624426269531,9.03332286376953,1588111366.521523
-2.7820623291015623,2.3367408203125,10.972626208496093,-1.9536685546875,-0.6272808349609375,9.368511096191405,1588111366.5364904
-0.833182177734375,-1.8914193115234375,9.524134204101562,-5.499481213378906,0.7900865478515624,8.846575134277343,1588111366.5514781
-3.7158009765625,-0.33758243408203126,9.196128576660156,-1.0821791503906248,-1.889025109863281,8.990227233886719,1588111366.5663786
-4.173093493652344,0.8810662109374999,9.3086560546875,-2.6599580444335937,0.9074024291992187,9.121908325195312,1588111366.5813613
-0.9792284790039062,0.852335791015625,8.858546142578124,-2.913743420410156,-0.9026140258789062,8.303091357421874,1588111366.5962818
-3.749319799804687,1.7238251953125,9.445125549316407,-1.838746875,-0.7206546997070312,8.075642199707032,1588111366.6112895
-2.8658593872070313,0.4908113403320312,9.777919580078125,-2.4947581298828125,0.8379705810546875,8.755595471191405,1588111366.626218
-1.687912170410156,-0.4572925170898437,9.074024291992187,-2.104503259277344,0.6177040283203125,8.832209924316405,1588111366.6412146
-2.578555187988281,0.33758243408203126,9.727641345214844,-1.9608511596679685,0.2561795776367187,9.267954626464844,1588111366.6565433
-1.3120225097656248,-0.1005564697265625,9.042899670410156,-1.5705962890624998,0.6703764648437499,8.942343200683593,1588111366.6715589
-1.2928688964843749,-0.09337386474609374,9.488221179199218,-0.9145850341796874,0.4213794921875,9.255983618164063,1588111366.6865304
-0.7876923461914062,0.28012159423828126,8.98304462890625,-0.9528922607421875,0.679953271484375,9.150638745117186,1588111366.705984
-0.34715924072265625,0.19871873779296872,9.294290844726563,-0.7350199096679687,0.10773907470703124,8.966285217285156,1588111366.7208326
-0.0383072265625,0.0430956298828125,8.058882788085937,-6.9360022094726554,2.729389892578125,10.714052429199219,1588111366.7359262
3.878606689453125,2.1212626708984375,11.082759484863281,-0.1005564697265625,0.6512228515624999,8.78432589111328,1588111366.7507458
-0.842758984375,0.277727392578125,9.088389501953124,-0.0047884033203125,0.5291185668945312,8.896853369140624,1588111366.7657654
0.7517793212890624,0.21787235107421873,9.284714038085937,-0.469263525390625,0.13646949462890623,9.023746057128905,1588111366.780582
-0.5482721801757812,-0.09816226806640624,9.188945971679686,-0.4955997436523437,-0.09576806640624999,9.107543115234375,1588111366.7956245
0.02154781494140625,0.04548983154296875,9.30147344970703,-0.9050082275390624,0.5051765502929687,9.114725720214842,1588111366.8104482
-0.4261678955078125,0.17238251953125,9.184157568359375,-0.3806780639648437,0.40940848388671874,9.313444458007812,1588111366.8253717
0.07422025146484375,-0.0718260498046875,9.363722692871093,-0.3112462158203125,0.28730419921875,9.145850341796875,1588111366.8402853
-0.11252747802734374,0.011971008300781249,9.234435803222656,-0.1580173095703125,0.5578489868164063,9.129090930175781,1588111366.856041
0.4333505004882812,0.13646949462890623,9.366116894531249,-0.04548983154296875,0.44532150878906246,9.131485131835937,1588111366.8711176
0.296881005859375,0.15322890625,9.255983618164063,0.0047884033203125,0.34715924072265625,9.176974963378905,1588111366.886348
0.44532150878906246,0.143652099609375,9.445125549316407,-0.0718260498046875,0.3854664672851562,9.176974963378905,1588111366.9014037
0.16280571289062498,0.2825157958984375,9.253589416503905,0.047884033203124995,0.373495458984375,9.026140258789061,1588111366.9163322
0.26815058593749996,-0.0718260498046875,9.464279162597656,-0.30406361083984373,0.37828386230468747,9.167398156738281,1588111366.9313538
0.2825157958984375,-0.1149216796875,9.382876306152344,0.28490999755859375,0.143652099609375,9.038111267089842,1588111366.9462864
0.5482721801757812,0.08379705810546874,9.088389501953124,0.3136404174804687,0.033518823242187495,8.939948999023438,1588111366.961411
0.4836287353515625,-0.3711012573242187,9.636661682128906,0.7206546997070312,0.06703764648437499,8.738836059570312,1588111366.9763906
1.8555062866210936,0.8068459594726562,8.01818135986328,1.139639990234375,1.7621324218749999,8.518569506835936,1588111366.9914172
-2.214636535644531,0.2442085693359375,11.329362255859374,1.7597382202148437,0.40462008056640625,8.872911352539061,1588111367.0063078
1.0534487304687499,-0.15083470458984374,8.164227661132813,0.38786066894531246,-0.7015010864257812,8.458714465332031,1588111367.0213223
-0.47644613037109373,-0.47884033203125,10.381258398437499,-0.3854664672851562,0.5458779785156249,9.440337145996093,1588111367.0362308
0.30406361083984373,0.354341845703125,8.980650427246093,0.842758984375,1.3838485595703125,8.461108666992187,1588111367.0512395
0.3591302490234375,0.7517793212890624,9.203311181640624,-0.3854664672851562,0.5889736083984375,9.80665,1588111367.066147
0.011971008300781249,-0.0718260498046875,10.041281762695311,0.29448680419921874,-1.0989385620117187,8.465897070312499,1588111367.0811267
0.016759411621093748,-1.0630255371093749,8.573636145019531,-0.565031591796875,0.36152445068359373,9.239224206542968,1588111367.0960822
-0.1197100830078125,0.040701428222656245,10.333374365234375,0.7254431030273437,1.2138602416992186,9.038111267089842,1588111367.1109807
0.016759411621093748,1.1659762084960936,8.492233288574218,-0.6057330200195312,1.1037269653320312,9.02135185546875,1588111367.1259584
0.03591302490234375,-0.17956512451171874,10.127473022460936,0.8667010009765624,-0.5961562133789062,9.469067565917967,1588111367.1407309
0.6919242797851562,-0.9911994873046874,8.844180932617187,-0.49799394531249996,-0.469263525390625,8.674192614746094,1588111367.1557646
0.2059013427734375,0.24899697265624998,9.624690673828125,0.24660277099609373,1.0103531005859374,9.272743029785156,1588111367.170546
0.36631285400390623,0.9457096557617187,9.227253198242186,-0.5291185668945312,0.7134720947265625,8.626308581542968,1588111367.1855967
0.12210428466796874,-0.2753331909179687,9.404424121093749,0.12449848632812499,-0.38786066894531246,9.397241516113281,1588111367.2003803
0.19871873779296872,-0.6607996582031249,9.296685046386719,-0.35194764404296874,-0.06703764648437499,8.614337573242187,1588111367.215335
0.22744915771484372,0.22026655273437498,9.143456140136719,0.047884033203124995,1.0630255371093749,9.220070593261719,1588111367.2302105
0.36391865234375,0.6344634399414062,9.366116894531249,-0.105344873046875,0.833182177734375,9.045293872070312,1588111367.245469
0.3112462158203125,0.00239420166015625,9.354145886230468,-0.028730419921875,-0.1867477294921875,9.176974963378905,1588111367.2603867
0.3064578125,-0.5746083984375,9.402029919433593,0.13646949462890623,-0.258573779296875,8.978256225585938,1588111367.275381
0.27293898925781246,0.06943184814453125,9.356540087890625,0.2657563842773437,0.6751648681640625,9.382876306152344,1588111367.2903597
0.33039982910156246,0.5482721801757812,9.354145886230468,-0.24660277099609373,0.6368576416015624,9.085995300292968,1588111367.3071024
0.15322890625,-0.19153613281249998,9.313444458007812,-0.15562310791015624,-0.229843359375,9.064447485351561,1588111367.324104
0.181959326171875,-0.2753331909179687,9.270348828125,-0.28969840087890625,0.105344873046875,9.282319836425781,1588111367.3389466
0.3447650390625,0.2346317626953125,9.399635717773437,-0.16998831787109375,0.5315127685546874,9.03332286376953,1588111367.3542292
0.34237083740234375,0.38307226562499996,9.236830004882812,-0.02633621826171875,0.4955997436523437,9.006986645507812,1588111367.3690147
0.4261678955078125,-0.10295067138671875,9.33978067626953,0.105344873046875,0.1580173095703125,9.100360510253905,1588111367.3840544
0.2537853759765625,-0.2705447875976562,9.270348828125,0.011971008300781249,0.16280571289062498,9.076418493652342,1588111367.398912
0.3016694091796875,0.18435352783203124,9.406818322753905,0.30885201416015623,0.6464344482421874,8.865728747558594,1588111367.4262772
0.2537853759765625,-0.016759411621093748,9.313444458007812,-0.143652099609375,0.023942016601562498,9.33978067626953,1588111367.4414077
0.17238251953125,-0.16998831787109375,9.409212524414063,0.02154781494140625,0.076614453125,9.191340173339842,1588111367.456267
0.20829554443359374,0.08140285644531249,9.196128576660156,-0.22744915771484372,0.5770026000976562,9.124302526855468,1588111367.4714599
0.41898529052734373,0.3112462158203125,9.392453112792968,-0.0526724365234375,0.35194764404296874,9.081206896972656,1588111367.4864254
0.3854664672851562,0.05746083984375,9.234435803222656,-0.2657563842773437,0.1867477294921875,9.076418493652342,1588111367.501404
0.2825157958984375,-0.15562310791015624,9.507374792480467,0.07900865478515624,0.30885201416015623,9.143456140136719,1588111367.5162616
0.24899697265624998,0.03591302490234375,9.203311181640624,-0.22505495605468748,0.45010991210937495,9.176974963378905,1588111367.5329232
0.24181436767578124,0.13168109130859373,9.555258825683593,-0.2059013427734375,0.36631285400390623,9.102754711914063,1588111367.5478947
0.20350714111328125,0.06703764648437499,9.150638745117186,-0.3806780639648437,0.11013327636718749,8.997409838867187,1588111367.5630424
0.258573779296875,-0.16519991455078123,9.457096557617186,-0.13646949462890623,0.3758896606445312,9.18655177001953,1588111367.578054
0.239420166015625,0.16998831787109375,9.114725720214842,-0.5195417602539062,0.4908113403320312,8.8489693359375,1588111367.5931506
0.19153613281249998,0.258573779296875,9.490615380859374,0.00718260498046875,0.3854664672851562,9.203311181640624,1588111367.608139
0.2920926025390625,-0.023942016601562498,9.253589416503905,0.0383072265625,0.33758243408203126,9.145850341796875,1588111367.6231246
0.258573779296875,-0.0526724365234375,9.488221179199218,0.26815058593749996,0.35673604736328124,9.047688073730468,1588111367.6388073
0.2825157958984375,0.16998831787109375,9.176974963378905,-0.20829554443359374,0.4572925170898437,9.10993731689453,1588111367.6538968
0.32561142578124996,0.12449848632812499,9.442731347656249,0.05985504150390625,0.51714755859375,9.035717065429687,1588111367.6715107
0.0143652099609375,-0.00718260498046875,9.2320416015625,-0.13646949462890623,0.03591302490234375,9.038111267089842,1588111367.6864822
0.2753331909179687,-0.05027823486328125,9.361328491210937,-0.11013327636718749,0.3854664672851562,9.064447485351561,1588111367.7016487
0.08379705810546874,0.033518823242187495,9.22485899658203,0.105344873046875,0.29927520751953124,9.423577734375,1588111367.7166164
0.37828386230468747,0.011971008300781249,9.425971936035156,-0.06464344482421874,0.22505495605468748,8.939948999023438,1588111367.732719
0.23702596435546874,0.05985504150390625,9.193734375,-0.0047884033203125,0.30406361083984373,9.203311181640624,1588111367.7483926
0.32561142578124996,0.11013327636718749,9.356540087890625,-0.15083470458984374,0.3064578125,8.762778076171875,1588111367.763425
0.27293898925781246,-0.0143652099609375,9.191340173339842,0.1292868896484375,0.3016694091796875,9.370905297851563,1588111367.7794008
0.35194764404296874,0.08858546142578125,9.366116894531249,-0.2753331909179687,0.2657563842773437,9.121908325195312,1588111367.7943773
0.11013327636718749,0.14604630126953125,9.253589416503905,-0.32561142578124996,0.6057330200195312,9.236830004882812,1588111367.809862
0.16041151123046873,0.09576806640624999,9.296685046386719,-0.1388636962890625,0.143652099609375,9.014169250488282,1588111367.8251026
0.19153613281249998,0.055066638183593745,9.30147344970703,-0.05985504150390625,0.2059013427734375,9.10993731689453,1588111367.8407443
0.3447650390625,0.055066638183593745,9.423577734375,0.13646949462890623,0.4285620971679687,9.179369165039063,1588111367.8562167
0.373495458984375,0.1149216796875,9.2320416015625,0.2154781494140625,0.258573779296875,9.076418493652342,1588111367.8716373
0.3232172241210937,-0.023942016601562498,9.330203869628905,-0.28969840087890625,0.28012159423828126,9.361328491210937,1588111367.8866189
0.33039982910156246,-0.04548983154296875,9.332598071289063,-0.00239420166015625,0.6272808349609375,9.009380847167968,1588111367.9016445
-0.009576806640625,0.11013327636718749,9.30147344970703,-0.26815058593749996,0.21068974609375,9.13627353515625,1588111367.9176722
0.16519991455078123,0.040701428222656245,9.289502441406249,-0.1388636962890625,0.1388636962890625,9.179369165039063,1588111367.9333448
0.18435352783203124,-0.040701428222656245,9.437942944335937,-0.086191259765625,0.1771709228515625,9.294290844726563,1588111367.9483244
0.33758243408203126,0.05985504150390625,9.368511096191405,-0.28012159423828126,0.41898529052734373,9.03332286376953,1588111367.9634209
0.33039982910156246,0.0718260498046875,9.255983618164063,-0.0047884033203125,0.3902548706054687,9.229647399902344,1588111367.9783475
0.3950432739257812,0.009576806640625,9.411606726074218,0.12210428466796874,0.3806780639648437,8.963891015625,1588111367.993798
0.36391865234375,0.09816226806640624,9.22485899658203,-0.2442085693359375,0.47644613037109373,9.038111267089842,1588111368.0099967
0.1388636962890625,0.08379705810546874,9.313444458007812,-0.19153613281249998,0.5219359619140624,9.085995300292968,1588111368.0259333
0.028730419921875,-0.0526724365234375,9.332598071289063,-0.028730419921875,0.17956512451171874,9.006986645507812,1588111368.0549664
0.2561795776367187,0.1005564697265625,9.382876306152344,0.15322890625,0.143652099609375,9.234435803222656,1588111368.0795515
0.3854664672851562,-0.031124621582031248,9.215282189941405,-0.1484405029296875,0.19153613281249998,8.930372192382812,1588111368.094535
0.32561142578124996,0.05746083984375,9.481038574218749,-0.06703764648437499,0.5027823486328125,9.121908325195312,1588111368.1094806
0.26815058593749996,0.0718260498046875,9.13627353515625,-0.11252747802734374,0.19871873779296872,8.91840118408203,1588111368.1244102
0.09576806640624999,0.05746083984375,9.641450085449218,-0.22266075439453123,0.4429273071289062,9.387664709472656,1588111368.1393797
0.3447650390625,0.143652099609375,9.09796630859375,-0.15083470458984374,0.3232172241210937,8.700528833007812,1588111368.1543393
0.011971008300781249,0.16519991455078123,9.414000927734374,-0.033518823242187495,0.2753331909179687,9.560047229003906,1588111368.1693149
0.469263525390625,-0.1197100830078125,9.421183532714844,-0.26336218261718747,0.25139117431640623,8.839392529296875,1588111368.1886706
0.2753331909179687,0.16759411621093748,9.394847314453125,0.181959326171875,0.40222587890625,9.236830004882812,1588111368.2036374
0.25139117431640623,0.09337386474609374,9.150638745117186,-0.181959326171875,0.21308394775390624,8.839392529296875,1588111368.2185469
0.4261678955078125,-0.05746083984375,9.622296472167967,-0.5770026000976562,0.09816226806640624,9.337386474609374,1588111368.2334514
0.38307226562499996,0.21068974609375,9.397241516113281,-0.34237083740234375,0.28490999755859375,8.750807067871094,1588111368.248322
0.6823474731445313,-0.0909796630859375,9.33978067626953,0.30406361083984373,-0.0909796630859375,9.18655177001953,1588111368.2632425
0.8643067993164062,-0.34715924072265625,9.502586389160156,-0.0047884033203125,0.12449848632812499,9.303867651367186,1588111368.2785172
1.1540052001953125,0.143652099609375,9.251195214843749,1.1611878051757811,0.6823474731445313,9.057264880371093,1588111368.2934968
1.2785036865234374,0.19632453613281248,9.5384994140625,1.0510545288085937,0.37828386230468747,8.827421520996094,1588111368.3083854
1.7956512451171873,-0.0047884033203125,9.428366137695312,1.4963760375976562,-0.09816226806640624,9.282319836425781,1588111368.323304
1.879448303222656,-0.40462008056640625,9.246406811523437,1.707065783691406,0.16759411621093748,8.99501563720703,1588111368.3382645
2.6982652709960937,-0.39743747558593745,9.665392102050781,2.925714428710937,0.6847416748046875,9.265560424804686,1588111368.353229
2.7341782958984373,0.3327940307617187,9.368511096191405,2.896984008789062,0.507570751953125,8.870517150878905,1588111368.3681717
2.152387292480469,0.36631285400390623,9.674968908691406,2.6791116577148437,-0.9337386474609375,8.386888415527343,1588111368.3831942
3.2632968627929686,-0.4285620971679687,9.713276135253906,3.2225954345703123,0.5482721801757812,8.980650427246093,1588111368.3981469
3.0334535034179684,-0.105344873046875,10.429142431640624,2.020706201171875,1.1037269653320312,9.296685046386719,1588111368.4131725
2.9831752685546875,-0.19393033447265623,8.961496813964843,3.3877953491210935,-0.46686932373046874,9.287108239746093,1588111368.428125
3.294421484375,0.201112939453125,9.624690673828125,2.1308394775390624,0.28012159423828126,9.327809667968749,1588111368.4431655
2.9472622436523435,-0.28730419921875,10.93671318359375,4.3454760131835934,0.5051765502929687,8.719682446289061,1588111368.4584563
3.1268273681640624,0.9193734375,9.318232861328125,1.5155296508789062,1.848323681640625,9.313444458007812,1588111368.4734087
2.760514514160156,-0.4381389038085937,9.196128576660156,0.5482721801757812,0.7158662963867187,7.738059765625,1588111368.4883604
2.825157958984375,0.8307879760742187,10.287884533691406,2.384624853515625,0.2753331909179687,9.749189160156249,1588111368.503382
2.5905261962890624,0.2346317626953125,9.974244116210937,0.3591302490234375,1.5059528442382812,7.283161450195312,1588111368.5183034
0.93852705078125,0.11252747802734374,8.049305981445311,0.062249243164062495,-0.1005564697265625,9.548076220703125,1588111368.533245
4.671087438964843,-0.7398083129882812,8.465897070312499,-1.0127473022460938,2.9735984619140625,8.939948999023438,1588111368.5481818
-0.040701428222656245,-1.1731588134765625,7.228094812011718,3.4069489624023435,0.8020575561523438,9.418789331054686,1588111368.5633051
-0.4908113403320312,-0.239420166015625,8.444349255371094,1.1085153686523437,2.5258827514648434,10.17056865234375,1588111368.5782957
1.189918225097656,-0.5746083984375,9.85692823486328,-1.8004396484374998,-0.9600748657226562,8.626308581542968,1588111368.5932283
-1.3479355346679687,-0.040701428222656245,9.466673364257812,0.2346317626953125,0.603338818359375,10.78348427734375,1588111368.608123
1.8818425048828125,-1.1348515869140625,9.478644372558593,-1.707065783691406,0.2609679809570312,7.357381701660156,1588111368.6231236
-1.3000515014648437,0.7805097412109374,6.4092778442382805,0.5793968017578125,0.6512228515624999,10.606313354492187,1588111368.6380053
-0.5913678100585937,2.4851813232421875,9.739612353515625,-2.2266075439453124,2.1308394775390624,8.303091357421874,1588111368.6530447
-0.46208092041015625,0.6727706665039062,8.463502868652343,0.7733271362304687,-0.6344634399414062,7.931990100097655,1588111368.6679373
-2.568978381347656,0.32561142578124996,8.535328918457031,-3.0406361083984375,-0.7326257080078125,8.789114294433594,1588111368.6829438
-0.4261678955078125,-2.114080065917969,12.320561743164061,2.5067291381835934,-1.9297265380859374,9.840168823242188,1588111368.6978965
-2.3822306518554686,-1.9632453613281249,9.490615380859374,-5.659892724609374,-0.10773907470703124,8.51617530517578,1588111368.712907
1.8722656982421875,0.17238251953125,11.080365283203124,-0.8547299926757812,-3.3542765258789062,11.61906065673828,1588111368.7278707
-3.0047230834960934,2.0087351928710935,9.832986218261718,-1.2952630981445312,2.0159177978515626,9.117119921875,1588111368.7429142
-1.8363526733398436,-0.4740519287109375,8.022969763183593,-1.3263877197265623,-0.0047884033203125,10.702081420898438,1588111368.7578797
-2.8467057739257813,-0.40462008056640625,9.892841259765625,-3.517082238769531,0.679953271484375,8.985438830566405,1588111368.7735064
-1.8602946899414061,-0.5099649536132812,9.241618408203124,-2.77727392578125,1.2832920898437499,9.141061938476563,1588111368.7884989
-3.3973721557617185,0.6679822631835937,9.928754284667969,-1.9895815795898437,0.3902548706054687,8.916006982421875,1588111368.8035057
-4.153939880371094,0.47884033203125,8.88009395751953,-2.7820623291015623,-1.1611878051757811,7.793126403808594,1588111368.818416
-2.3487118286132813,0.239420166015625,10.146626635742187,-3.366247534179687,0.36631285400390623,9.093177905273437,1588111368.8334188
-2.454056701660156,0.2920926025390625,8.793902697753905,-3.172317199707031,0.70868369140625,8.47786807861328,1588111368.8484623
-2.5330653564453125,-0.05746083984375,9.756371765136718,-2.3295582153320313,0.34237083740234375,9.370905297851563,1588111368.8634908
-2.2290017456054687,-0.055066638183593745,8.686163623046875,-2.29843359375,0.4572925170898437,8.355763793945313,1588111368.8784926
-1.6903063720703124,0.04548983154296875,9.593566052246093,-1.4125789794921875,0.3136404174804687,9.289502441406249,1588111368.893538
-0.7996633544921875,0.3016694091796875,9.042899670410156,0.2059013427734375,0.4070142822265625,9.504980590820312,1588111368.920788
0.430956298828125,0.19871873779296872,9.382876306152344,-0.5434837768554687,0.4860229370117187,9.081206896972656,1588111368.9358068
1.2761094848632812,-1.43652099609375,7.3669585083007805,2.6096798095703124,-3.0238766967773434,7.417236743164062,1588111368.9505723
-0.40462008056640625,0.6440402465820312,7.900865478515625,-2.214636535644531,1.3551181396484375,8.999804040527343,1588111368.9655719
-0.37828386230468747,0.16041151123046873,9.323021264648437,1.8052280517578123,0.047884033203124995,9.533711010742186,1588111368.9803395
0.258573779296875,0.09816226806640624,9.516951599121093,-1.3718775512695311,-0.033518823242187495,9.524134204101562,1588111368.995271
0.6631938598632812,-0.02154781494140625,9.303867651367186,0.28730419921875,0.30406361083984373,8.765172277832031,1588111369.0101895
-0.21068974609375,0.15322890625,9.011775048828124,-0.39264907226562495,0.32082302246093747,9.368511096191405,1588111369.0251172
0.6009446166992187,-0.06943184814453125,9.576806640625,0.02154781494140625,0.19393033447265623,8.975862023925782,1588111369.0399387
0.26815058593749996,-0.1867477294921875,9.203311181640624,0.4572925170898437,0.15562310791015624,9.267954626464844,1588111369.0556333
0.948103857421875,-0.07900865478515624,9.255983618164063,0.6871358764648438,0.5051765502929687,8.755595471191405,1588111369.070479
0.28490999755859375,0.3902548706054687,9.287108239746093,0.22266075439453123,1.6065093139648436,9.447519750976562,1588111369.0854216
0.6057330200195312,0.22266075439453123,9.8449572265625,-0.29927520751953124,0.19393033447265623,8.913612780761719,1588111369.100378
0.8475473876953125,-0.7230489013671875,9.495403784179686,0.23702596435546874,-0.737414111328125,8.920795385742187,1588111369.1153507
0.7038952880859375,-0.24181436767578124,9.208099584960937,-0.23702596435546874,0.2825157958984375,9.076418493652342,1588111369.1302612
0.47884033203125,0.6560112548828124,9.758765966796874,0.0383072265625,0.967257470703125,8.9255837890625,1588111369.145227
0.38786066894531246,0.3854664672851562,9.203311181640624,-0.5147533569335937,0.11013327636718749,9.212887988281249,1588111369.1601465
0.2442085693359375,-0.5506663818359374,9.545682019042967,-0.09576806640624999,-0.181959326171875,8.875305554199219,1588111369.175137
0.19632453613281248,-0.12210428466796874,9.205705383300781,-0.5243301635742187,0.2825157958984375,9.402029919433593,1588111369.1901345
0.105344873046875,0.373495458984375,9.658209497070311,0.009576806640625,0.6943184814453125,8.975862023925782,1588111369.205151
0.1867477294921875,0.23702596435546874,9.14824454345703,-0.27293898925781246,0.35194764404296874,9.172186560058593,1588111369.2201197
0.20350714111328125,-0.33518823242187495,9.545682019042967,0.1867477294921875,0.055066638183593745,8.908824377441405,1588111369.2350783
0.16759411621093748,-0.2609679809570312,9.160215551757812,-0.05746083984375,0.430956298828125,9.363722692871093,1588111369.2499828
0.5363011718749999,0.32082302246093747,9.337386474609374,0.28730419921875,0.6392518432617187,8.975862023925782,1588111369.2649765
0.24181436767578124,0.38307226562499996,9.356540087890625,0.0909796630859375,0.39743747558593745,9.176974963378905,1588111369.279848
0.39983167724609375,-0.354341845703125,9.330203869628905,0.14125789794921875,-0.24660277099609373,9.131485131835937,1588111369.2949657
0.047884033203124995,-0.27293898925781246,9.509768994140625,0.0430956298828125,0.1771709228515625,8.872911352539061,1588111369.3098934
0.4213794921875,0.45489831542968745,8.992621435546875,-0.2059013427734375,0.7158662963867187,9.485826977539062,1588111369.3249269
0.143652099609375,0.18435352783203124,9.868899243164062,0.06943184814453125,0.354341845703125,8.94473740234375,1588111369.3398724
0.35194764404296874,-0.30406361083984373,8.690952026367187,-0.21787235107421873,0.15562310791015624,9.349357482910156,1588111369.354873
0.22026655273437498,-0.13168109130859373,9.897629663085937,0.34237083740234375,0.5626373901367188,8.825027319335938,1588111369.3697705
0.17477672119140625,0.21787235107421873,8.963891015625,-0.4165910888671875,0.6536170532226562,9.519345800781249,1588111369.3847783
0.4333505004882812,0.076614453125,9.533711010742186,0.13407529296874998,0.3687070556640625,8.67658681640625,1588111369.3997138
0.0526724365234375,0.023942016601562498,8.91840118408203,-0.36631285400390623,0.0143652099609375,9.3852705078125,1588111369.4147263
0.5674257934570313,-0.13646949462890623,9.686939916992188,-0.02154781494140625,0.07422025146484375,9.165003955078124,1588111369.4296248
0.03591302490234375,0.0909796630859375,8.961496813964843,0.08379705810546874,0.718260498046875,8.901641772460938,1588111369.4445436
0.38786066894531246,0.21068974609375,9.528922607421874,-0.0047884033203125,0.4333505004882812,9.145850341796875,1588111369.459518
0.11013327636718749,-0.06464344482421874,9.023746057128905,0.2825157958984375,0.0909796630859375,8.875305554199219,1588111369.4745576
0.19871873779296872,-0.2657563842773437,9.83777462158203,-0.4477157104492187,0.28490999755859375,9.066841687011719,1588111369.4896061
0.40462008056640625,0.30885201416015623,8.731653454589843,0.011971008300781249,0.5602431884765625,8.942343200683593,1588111369.504644
0.0526724365234375,0.3064578125,9.907206469726562,0.14125789794921875,0.39983167724609375,9.212887988281249,1588111369.5196533
0.45489831542968745,-0.12449848632812499,8.858546142578124,-0.08140285644531249,0.19632453613281248,9.04050546875,1588111369.53464
0.08858546142578125,-0.15322890625,9.72285294189453,0.36631285400390623,0.35194764404296874,8.927977990722656,1588111369.5496507
0.2609679809570312,0.28490999755859375,8.987833032226561,-0.229843359375,0.6177040283203125,9.0788126953125,1588111369.5645912
0.3950432739257812,0.0047884033203125,9.414000927734374,0.04548983154296875,0.3495534423828125,9.787496386718749,1588111369.5795188
0.10295067138671875,-0.24660277099609373,8.889670764160156,-0.28490999755859375,0.5530605834960938,8.420407238769531,1588111369.5944343
0.3016694091796875,-0.1005564697265625,9.686939916992188,-0.031124621582031248,0.3136404174804687,9.720458740234374,1588111369.6096048
0.27293898925781246,0.1771709228515625,8.997409838867187,-0.13168109130859373,0.14604630126953125,8.901641772460938,1588111369.6245494
0.16041151123046873,0.20829554443359374,9.414000927734374,0.23702596435546874,0.09816226806640624,9.248801013183593,1588111369.6440792
0.3902548706054687,0.20350714111328125,9.131485131835937,-0.16041151123046873,0.143652099609375,9.124302526855468,1588111369.6595068
0.33039982910156246,-0.05985504150390625,9.428366137695312,0.10773907470703124,0.373495458984375,9.239224206542968,1588111369.6745183
-0.0143652099609375,-0.09816226806640624,9.639055883789062,-0.22744915771484372,0.5506663818359374,8.810662109374999,1588111369.689553
0.27293898925781246,0.07422025146484375,8.91840118408203,-0.3064578125,0.08858546142578125,9.624690673828125,1588111369.7046287
0.0430956298828125,0.03591302490234375,9.469067565917967,0.2753331909179687,-0.086191259765625,8.798691101074219,1588111369.7202811
0.2346317626953125,-0.07422025146484375,9.303867651367186,-0.3591302490234375,0.4525041137695312,9.294290844726563,1588111369.7352288
0.5410895751953124,0.08379705810546874,9.399635717773437,0.2705447875976562,0.4477157104492187,8.882488159179687,1588111369.7501843
0.22266075439453123,-0.040701428222656245,9.33978067626953,-0.15083470458984374,0.12689268798828124,9.1554271484375,1588111369.765138
0.6057330200195312,-0.105344873046875,9.153032946777342,-0.22266075439453123,0.26336218261718747,9.33978067626953,1588111369.7800996
-0.01915361328125,0.1292868896484375,9.406818322753905,0.1484405029296875,0.6081272216796875,8.655039001464843,1588111369.795109
0.38786066894531246,0.1005564697265625,9.258377819824219,-0.842758984375,0.41419688720703124,9.392453112792968,1588111369.8101108
0.2753331909179687,-0.1197100830078125,9.430760339355468,0.11252747802734374,0.16519991455078123,8.789114294433594,1588111369.8251092
0.10773907470703124,-0.0526724365234375,9.157821350097656,-0.16998831787109375,0.16519991455078123,9.311050256347656,1588111369.840123
0.49320554199218747,0.06703764648437499,9.390058911132812,0.062249243164062495,0.21787235107421873,8.992621435546875,1588111369.8551555
0.16280571289062498,0.1005564697265625,9.200916979980468,0.09816226806640624,0.430956298828125,9.157821350097656,1588111369.870112
0.55545478515625,-0.16280571289062498,9.315838659667968,0.12449848632812499,0.2154781494140625,9.222464794921875,1588111369.8851006
0.18435352783203124,0.033518823242187495,9.181763366699219,0.16759411621093748,0.2059013427734375,9.02135185546875,1588111369.9000783
0.239420166015625,0.143652099609375,9.181763366699219,-0.4836287353515625,0.5506663818359374,9.081206896972656,1588111369.9150658
0.08140285644531249,0.06943184814453125,9.382876306152344,0.17956512451171874,0.13407529296874998,9.011775048828124,1588111369.9299903
0.1149216796875,-0.07422025146484375,9.33978067626953,-0.08379705810546874,-0.11013327636718749,9.222464794921875,1588111369.944994
0.30885201416015623,0.02154781494140625,9.332598071289063,0.5506663818359374,0.4572925170898437,9.054870678710937,1588111369.9599476
0.28490999755859375,0.02633621826171875,9.373299499511718,-0.13407529296874998,0.4261678955078125,9.397241516113281,1588111369.97497
0.49320554199218747,0.05746083984375,9.318232861328125,0.0718260498046875,0.46686932373046874,8.877699755859375,1588111369.9898477
0.277727392578125,0.07422025146484375,9.323021264648437,-0.13168109130859373,0.19871873779296872,9.3852705078125,1588111370.0049872
0.4333505004882812,0.01915361328125,9.358934289550781,-0.1292868896484375,0.3112462158203125,8.815450512695312,1588111370.0199509
0.10773907470703124,0.02154781494140625,9.387664709472656,0.13407529296874998,0.5817910034179687,9.203311181640624,1588111370.0349874
0.28730419921875,0.1292868896484375,9.200916979980468,-0.42377369384765623,0.34715924072265625,9.191340173339842,1588111370.049911
0.13407529296874998,0.05985504150390625,9.349357482910156,0.06943184814453125,0.21787235107421873,8.920795385742187,1588111370.0649385
0.33039982910156246,-0.13646949462890623,9.512163195800781,-0.1771709228515625,0.30885201416015623,9.325415466308593,1588111370.079883
0.3902548706054687,0.04548983154296875,9.181763366699219,0.28969840087890625,0.47165772705078124,9.011775048828124,1588111370.0949128
0.3016694091796875,0.22026655273437498,9.387664709472656,-0.00718260498046875,0.296881005859375,9.296685046386719,1588111370.1098504
0.47884033203125,-0.031124621582031248,9.196128576660156,0.16041151123046873,0.3327940307617187,8.99501563720703,1588111370.124871
0.11013327636718749,-0.1197100830078125,9.478644372558593,0.040701428222656245,0.22744915771484372,9.351751684570312,1588111370.1398115
0.35194764404296874,0.047884033203124995,9.124302526855468,-0.2657563842773437,0.6105214233398437,8.91840118408203,1588111370.154875
0.031124621582031248,0.143652099609375,9.516951599121093,0.28490999755859375,0.4644751220703125,9.112331518554686,1588111370.1698117
0.33518823242187495,-0.076614453125,9.057264880371093,-0.4381389038085937,0.25139117431640623,8.959102612304687,1588111370.1848853
0.23702596435546874,-0.023942016601562498,9.591171850585937,0.22266075439453123,0.4429273071289062,9.430760339355468,1588111370.199858
0.3064578125,0.105344873046875,9.03332286376953,-0.15083470458984374,0.4333505004882812,8.98304462890625,1588111370.2149425
0.38786066894531246,0.06464344482421874,9.732429748535155,0.02154781494140625,0.40940848388671874,9.083601098632812,1588111370.229883
0.3591302490234375,0.06943184814453125,8.90643017578125,-0.24660277099609373,0.16998831787109375,9.210493786621093,1588111370.2449646
0.17238251953125,0.028730419921875,9.770736975097655,0.055066638183593745,0.48123453369140623,8.896853369140624,1588111370.2603261
0.23702596435546874,0.16998831787109375,8.86094034423828,-0.19153613281249998,0.6344634399414062,9.287108239746093,1588111370.275313
0.38307226562499996,-0.05985504150390625,9.813832604980469,0.08379705810546874,0.3327940307617187,8.971073620605468,1588111370.2902894
0.09816226806640624,-0.10295067138671875,9.014169250488282,-0.2346317626953125,0.143652099609375,9.047688073730468,1588111370.305351
0.5363011718749999,0.02633621826171875,9.433154541015625,0.1771709228515625,0.28969840087890625,9.188945971679686,1588111370.3202856
0.19871873779296872,0.1484405029296875,9.244012609863281,-0.14125789794921875,0.3902548706054687,9.038111267089842,1588111370.335289
0.5698199951171875,-0.11731588134765625,9.488221179199218,-0.16041151123046873,0.2705447875976562,9.246406811523437,1588111370.3548238
0.9169792358398436,0.2825157958984375,8.245630517578125,1.0582371337890624,0.2442085693359375,9.610325463867188,1588111370.3697765
1.407790576171875,0.45010991210937495,10.398017810058594,-0.41898529052734373,-0.0047884033203125,9.504980590820312,1588111370.384778
2.5546131713867184,-0.5363011718749999,7.936778503417968,1.7645266235351562,0.0718260498046875,9.057264880371093,1588111370.3996696
3.0047230834960934,-0.7517793212890624,10.232817895507813,4.050989208984375,0.6679822631835937,8.657433203124999,1588111370.4225175
4.57771357421875,0.9816226806640624,9.126696728515624,3.9432501342773434,-0.2705447875976562,10.034099157714843,1588111370.437408
5.073313317871094,0.6081272216796875,9.576806640625,4.192247106933594,1.6903063720703124,8.98304462890625,1588111370.4523416
3.7134067749023436,-0.22026655273437498,9.105148913574219,4.469974499511719,-0.13407529296874998,8.497021691894531,1588111370.4671412
3.7038299682617186,-0.16759411621093748,10.168174450683592,3.9911341674804683,0.32082302246093747,10.321403356933594,1588111370.4827027
3.450044592285156,-0.3232172241210937,7.9104422851562495,2.408566870117187,0.8403647827148437,9.854534033203125,1588111370.4987016
2.722207287597656,0.4860229370117187,9.708487731933593,3.5482068603515624,-0.062249243164062495,9.284714038085937,1588111370.513813
2.5258827514648434,0.9313444458007812,8.556876733398436,0.8690952026367187,-1.024718310546875,8.662221606445312,1588111370.5287015
2.2266075439453124,-1.5107412475585937,8.56166513671875,-0.6177040283203125,0.32561142578124996,9.334992272949219,1588111370.5437453
3.938461730957031,0.0143652099609375,9.883264453125,1.7477672119140624,1.5059528442382812,8.128314636230469,1588111370.5586917
1.22583125,2.2577321655273437,7.694964135742187,1.3096283081054687,-0.32082302246093747,6.6702458251953125,1588111370.5737634
3.2058360229492187,0.15322890625,10.110713610839843,3.766079211425781,0.4836287353515625,9.179369165039063,1588111370.588676
0.3136404174804687,-0.42377369384765623,8.992621435546875,-1.419761584472656,1.9584569580078124,8.240842114257813,1588111370.6036065
1.936909143066406,-0.20350714111328125,9.732429748535155,4.721365673828124,-2.748543505859375,9.047688073730468,1588111370.61858
0.4955997436523437,2.0302830078125,7.0844427124023435,-1.7573440185546874,1.9752163696289062,6.701370446777343,1588111370.6335318
-0.06943184814453125,-0.7015010864257812,9.545682019042967,-0.842758984375,0.9002198242187499,7.771578588867187,1588111370.6486342
0.6512228515624999,0.2920926025390625,11.3772462890625,3.768473413085937,-1.6065093139648436,9.33978067626953,1588111370.6643
-0.9840168823242187,0.2657563842773437,6.5768719604492185,-5.80354482421875,1.3670891479492187,6.679822631835937,1588111370.6792715
-3.361459130859375,-0.8595183959960937,14.183250634765624,7.055712292480468,1.6448165405273436,8.726865051269531,1588111370.694288
-6.0142345703124995,1.0630255371093749,8.379705810546875,-6.236895324707031,3.4955344238281247,9.356540087890625,1588111370.7092297
-4.07971962890625,-0.8355763793945312,10.139444030761718,-2.0542250244140625,-2.262520568847656,9.138667736816405,1588111370.7241871
-0.3280056274414062,-2.446874096679687,10.388441003417968,-9.069235888671875,0.08140285644531249,8.037334973144532,1588111370.739035
-4.955997436523437,-1.37906015625,8.499415893554687,-5.046977099609375,-1.9847931762695312,9.988609326171874,1588111370.7540543
-3.6583401367187496,-0.20350714111328125,11.049240661621093,0.18435352783203124,0.29448680419921874,10.139444030761718,1588111370.768842
-2.750937707519531,0.0909796630859375,8.942343200683593,-1.1348515869140625,-1.5658078857421873,10.620678564453124,1588111370.7838635
-2.157175695800781,-0.9648632690429687,9.809044201660155,-3.0693665283203124,1.0342951171875,8.91840118408203,1588111370.79869
-3.284844677734375,0.15562310791015624,9.488221179199218,-0.737414111328125,0.35194764404296874,8.336610180664062,1588111370.8136537
-3.0119056884765625,-0.1149216796875,9.258377819824219,-0.59376201171875,0.33039982910156246,8.8489693359375,1588111370.8285682
-1.2880804931640624,0.076614453125,9.299079248046874,0.028730419921875,-0.354341845703125,9.121908325195312,1588111370.8434708
-1.4604630126953124,0.6512228515624999,9.548076220703125,0.06464344482421874,0.47884033203125,8.662221606445312,1588111370.8587055
-0.8954314208984374,0.21787235107421873,9.038111267089842,-0.4165910888671875,0.70868369140625,9.18655177001953,1588111370.873754
-1.0773907470703123,-0.25139117431640623,9.255983618164063,0.13646949462890623,1.4915876342773438,8.923189587402343,1588111370.8886197
-1.0654197387695312,-0.8547299926757812,7.596801867675781,-2.6096798095703124,3.1028853515624997,10.206481677246094,1588111370.9035523
-1.8363526733398436,-0.5865794067382812,9.370905297851563,-2.9185318237304685,-0.055066638183593745,8.418013037109375,1588111370.9185479
-1.0773907470703123,-0.00718260498046875,8.9255837890625,-1.4173673828125,-0.181959326171875,8.93755479736328,1588111370.9335434
-1.3623007446289062,0.01915361328125,9.366116894531249,-1.2042834350585936,0.9002198242187499,9.272743029785156,1588111370.9484909
-0.8355763793945312,-0.00239420166015625,9.208099584960937,-1.2234370483398436,0.3399766357421875,9.045293872070312,1588111370.9634995
-0.3112462158203125,0.11252747802734374,9.315838659667968,-0.49799394531249996,0.3902548706054687,9.069235888671875,1588111370.9785001
-0.009576806640625,0.3447650390625,9.53131680908203,-0.34715924072265625,0.46686932373046874,9.200916979980468,1588111370.9934778
0.44532150878906246,-0.0526724365234375,9.279925634765624,0.29448680419921874,-0.1292868896484375,9.054870678710937,1588111371.0084803
0.4165910888671875,-0.02154781494140625,9.481038574218749,-0.3112462158203125,0.08140285644531249,9.179369165039063,1588111371.02348
0.5051765502929687,-0.0909796630859375,9.241618408203124,0.29927520751953124,-0.0047884033203125,9.277531433105468,1588111371.0383844
0.39264907226562495,-0.19871873779296872,9.471461767578125,0.2825157958984375,0.18914193115234373,9.208099584960937,1588111371.053311
0.6775590698242188,-0.13646949462890623,9.17458076171875,0.7924807495117187,0.70868369140625,8.487444885253906,1588111371.0682466
0.5506663818359374,1.0606313354492187,8.650250598144531,-1.8602946899414061,0.34237083740234375,10.292672937011718,1588111371.0876663
0.8307879760742187,0.33758243408203126,9.074024291992187,0.49799394531249996,-1.8267758666992187,8.317456567382813,1588111371.102761
-0.5195417602539062,-1.2042834350585936,9.105148913574219,-0.5267243652343749,-0.16998831787109375,9.469067565917967,1588111371.1176984
0.5530605834960938,0.35673604736328124,9.366116894531249,0.16759411621093748,1.5586252807617187,9.198522778320312,1588111371.132707
-0.12689268798828124,0.9217676391601562,8.760383874511719,-0.05027823486328125,0.928950244140625,9.30147344970703,1588111371.1477108
0.4477157104492187,-0.603338818359375,9.749189160156249,0.0,-0.7876923461914062,9.349357482910156,1588111371.1626942
0.22026655273437498,-0.7541735229492187,8.91840118408203,0.031124621582031248,-0.016759411621093748,9.076418493652342,1588111371.177636
0.40940848388671874,0.373495458984375,9.543287817382812,0.24899697265624998,0.9935936889648437,9.107543115234375,1588111371.1925964
0.48123453369140623,0.45010991210937495,9.0788126953125,0.26815058593749996,0.28490999755859375,8.954314208984375,1588111371.2076151
0.6200982299804687,-0.19632453613281248,9.414000927734374,0.13168109130859373,-0.354341845703125,9.351751684570312,1588111371.2226045
0.4070142822265625,-0.49320554199218747,9.399635717773437,0.40462008056640625,0.34715924072265625,8.865728747558594,1588111371.2375832
0.3495534423828125,0.2059013427734375,9.184157568359375,-0.05985504150390625,0.7948749511718749,9.291896643066405,1588111371.2525458
0.32082302246093747,0.39983167724609375,9.418789331054686,-0.028730419921875,0.3399766357421875,9.035717065429687,1588111371.2675133
0.09816226806640624,-0.21787235107421873,9.229647399902344,-0.09816226806640624,-0.20350714111328125,9.251195214843749,1588111371.282503
0.24181436767578124,-0.3687070556640625,9.464279162597656,-0.00718260498046875,0.23223756103515625,8.985438830566405,1588111371.2974415
0.3064578125,0.19632453613281248,9.200916979980468,0.2154781494140625,0.7589619262695312,9.121908325195312,1588111371.3124402
0.4644751220703125,0.22026655273437498,9.394847314453125,0.21787235107421873,0.4165910888671875,8.997409838867187,1588111371.3297427
0.316034619140625,-0.24899697265624998,9.234435803222656,-0.08140285644531249,0.0718260498046875,9.18655177001953,1588111371.3447893
0.28730419921875,-0.0430956298828125,9.445125549316407,-0.19632453613281248,0.5339069702148437,9.054870678710937,1588111371.3596818
0.22266075439453123,0.36152445068359373,9.3086560546875,-0.22505495605468748,0.6248866333007812,9.239224206542968,1588111371.3749585
0.18435352783203124,0.0143652099609375,9.380482104492186,0.12210428466796874,0.1771709228515625,9.016563452148437,1588111371.389934
0.33039982910156246,-0.29927520751953124,9.349357482910156,-0.11731588134765625,0.181959326171875,8.99501563720703,1588111371.4049866
0.3495534423828125,0.03591302490234375,9.299079248046874,-0.055066638183593745,0.22744915771484372,9.076418493652342,1588111371.4200044
0.4070142822265625,0.19871873779296872,9.284714038085937,0.0430956298828125,0.4285620971679687,8.975862023925782,1588111371.43499
0.28490999755859375,-0.08858546142578125,9.366116894531249,-0.14604630126953125,-0.09576806640624999,9.011775048828124,1588111371.4499495
0.2346317626953125,-0.11252747802734374,9.320627062988281,-0.02633621826171875,0.565031591796875,9.212887988281249,1588111371.465084
0.18914193115234373,0.11013327636718749,9.196128576660156,0.12689268798828124,0.488417138671875,9.193734375,1588111371.4800305
0.3112462158203125,-0.00239420166015625,9.373299499511718,0.0430956298828125,0.13646949462890623,9.143456140136719,1588111371.494985
0.316034619140625,-0.105344873046875,9.184157568359375,0.08379705810546874,0.11731588134765625,9.07163009033203,1588111371.5099087
0.373495458984375,0.028730419921875,9.366116894531249,0.22505495605468748,0.5027823486328125,9.045293872070312,1588111371.5250053
0.3447650390625,0.0,9.447519750976562,-0.00239420166015625,0.11252747802734374,9.081206896972656,1588111371.539944
0.26815058593749996,-0.0047884033203125,9.126696728515624,-0.181959326171875,0.46208092041015625,9.03332286376953,1588111371.5549426
0.12689268798828124,0.076614453125,9.497797985839844,0.0383072265625,0.488417138671875,9.105148913574219,1588111371.569813
0.25139117431640623,-0.028730419921875,9.215282189941405,-0.22026655273437498,0.20350714111328125,8.987833032226561,1588111371.5848198
0.25139117431640623,0.0047884033203125,9.485826977539062,-0.0383072265625,0.5865794067382812,9.10993731689453,1588111371.6003313
0.277727392578125,0.1005564697265625,9.162609753417968,-0.229843359375,0.21787235107421873,9.04050546875,1588111371.615311
0.33039982910156246,-0.04548983154296875,9.478644372558593,-0.18435352783203124,0.02633621826171875,9.255983618164063,1588111371.6302404
0.3495534423828125,-0.08858546142578125,9.251195214843749,-0.06703764648437499,0.3112462158203125,9.18655177001953,1588111371.645236
0.4070142822265625,0.04548983154296875,9.258377819824219,-0.011971008300781249,0.51714755859375,9.239224206542968,1588111371.6601636
0.28730419921875,0.03591302490234375,9.267954626464844,0.03591302490234375,0.3447650390625,9.0021982421875,1588111371.6751351
0.2442085693359375,-0.1292868896484375,9.390058911132812,0.05027823486328125,0.1867477294921875,9.030928662109375,1588111371.6902509
0.22505495605468748,0.033518823242187495,9.260772021484375,0.3687070556640625,0.5315127685546874,9.299079248046874,1588111371.7052264
0.36152445068359373,0.09337386474609374,9.418789331054686,-0.08858546142578125,0.28490999755859375,9.054870678710937,1588111371.7202
0.30885201416015623,-0.09576806640624999,9.332598071289063,-0.19393033447265623,0.0526724365234375,9.066841687011719,1588111371.7351944
0.36631285400390623,-0.00239420166015625,9.299079248046874,0.105344873046875,0.3327940307617187,9.07163009033203,1588111371.750097
0.39743747558593745,0.07422025146484375,9.334992272949219,0.023942016601562498,0.3280056274414062,8.959102612304687,1588111371.7650647
0.3495534423828125,0.023942016601562498,9.296685046386719,0.03591302490234375,0.3280056274414062,9.342174877929686,1588111371.7799754
0.3495534423828125,-0.06464344482421874,9.34696328125,0.14125789794921875,0.51714755859375,9.09796630859375,1588111371.7949448
0.26336218261718747,0.07422025146484375,9.330203869628905,-0.17238251953125,0.3711012573242187,9.088389501953124,1588111371.8145726
0.2825157958984375,-0.05985504150390625,9.373299499511718,-0.0526724365234375,0.39743747558593745,9.13627353515625,1588111371.8295863
0.30885201416015623,-0.09576806640624999,9.272743029785156,0.06943184814453125,0.6081272216796875,9.009380847167968,1588111371.8444939
0.23702596435546874,0.04548983154296875,9.354145886230468,-0.05027823486328125,0.2657563842773437,9.093177905273437,1588111371.8594625
0.34237083740234375,0.0718260498046875,9.267954626464844,0.03591302490234375,0.23223756103515625,9.260772021484375,1588111371.8744469
0.296881005859375,-0.086191259765625,9.358934289550781,-0.0526724365234375,0.11731588134765625,8.93755479736328,1588111371.8893886
0.3447650390625,-0.0143652099609375,9.30147344970703,-0.00239420166015625,0.4381389038085937,9.591171850585937,1588111371.90434
0.32082302246093747,0.11252747802734374,8.678981018066406,0.040701428222656245,0.181959326171875,8.86812294921875,1588111371.926937
0.047884033203124995,-0.028730419921875,9.900023864746093,-0.01915361328125,0.40940848388671874,9.165003955078124,1588111371.9419997
0.39983167724609375,-0.16759411621093748,9.023746057128905,-0.15083470458984374,0.3064578125,9.145850341796875,1588111371.9568532
0.1771709228515625,0.1484405029296875,9.421183532714844,0.24660277099609373,0.4381389038085937,8.91840118408203,1588111371.9718018
0.2442085693359375,0.15083470458984374,9.141061938476563,-0.37828386230468747,0.258573779296875,9.114725720214842,1588111371.9867454
0.3806780639648437,-0.2705447875976562,9.481038574218749,0.047884033203124995,0.2705447875976562,9.220070593261719,1588111372.0017838
0.11013327636718749,-0.06943184814453125,9.121908325195312,-0.02154781494140625,0.5219359619140624,8.93755479736328,1588111372.0167885
0.5315127685546874,0.23702596435546874,9.325415466308593,-0.047884033203124995,0.430956298828125,9.074024291992187,1588111372.03181
0.2346317626953125,-0.07900865478515624,9.519345800781249,-0.13168109130859373,-0.02633621826171875,9.253589416503905,1588111372.0467517
0.4333505004882812,-0.16041151123046873,9.026140258789061,-0.028730419921875,0.16280571289062498,9.160215551757812,1588111372.0622442
0.29927520751953124,0.15322890625,10.038887561035155,-0.016759411621093748,0.6751648681640625,8.875305554199219,1588111372.0771208
0.47644613037109373,0.21308394775390624,8.504204296874999,-0.2609679809570312,0.32082302246093747,9.497797985839844,1588111372.0922694
0.1484405029296875,-0.17956512451171874,9.991003527832031,0.6009446166992187,-0.00718260498046875,8.913612780761719,1588111372.107136
0.239420166015625,-0.09337386474609374,8.628702783203124,-0.4429273071289062,0.5195417602539062,9.203311181640624,1588111372.1223006
0.40940848388671874,0.19393033447265623,10.007762939453125,0.5291185668945312,0.6631938598632812,9.05965908203125,1588111372.13719
0.0909796630859375,0.06703764648437499,8.719682446289061,0.00239420166015625,0.06943184814453125,8.961496813964843,1588111372.1522539
0.5003881469726562,-0.13168109130859373,9.713276135253906,-0.20829554443359374,-0.10295067138671875,9.342174877929686,1588111372.1670854
0.08140285644531249,-0.06464344482421874,8.901641772460938,-0.30885201416015623,0.6200982299804687,8.851363537597656,1588111372.182108
0.5530605834960938,0.00718260498046875,10.108319409179687,-0.19393033447265623,0.9840168823242187,9.176974963378905,1588111372.1969736
0.2825157958984375,-0.031124621582031248,8.578424548339843,0.055066638183593745,0.1005564697265625,9.172186560058593,1588111372.212002
0.2920926025390625,-0.16519991455078123,9.861716638183593,-0.11013327636718749,-0.2442085693359375,9.117119921875,1588111372.2269146
0.3112462158203125,0.011971008300781249,9.054870678710937,-0.22744915771484372,0.26815058593749996,9.636661682128906,1588111372.2420013
0.3064578125,0.24660277099609373,9.406818322753905,0.47884033203125,0.6368576416015624,8.480262280273436,1588111372.2568848
0.12449848632812499,-0.07422025146484375,9.397241516113281,0.16759411621093748,0.1771709228515625,9.950302099609374,1588111372.2722526
0.48123453369140623,-0.3711012573242187,9.160215551757812,0.2442085693359375,0.14604630126953125,8.398859423828124,1588111372.287125
0.1005564697265625,0.23223756103515625,9.375693701171874,-0.1292868896484375,0.3016694091796875,10.029310754394531,1588111372.3021667
0.5147533569335937,0.3495534423828125,9.1554271484375,0.05746083984375,0.4477157104492187,8.188169677734374,1588111372.3170512
-0.00718260498046875,-0.22505495605468748,9.49300958251953,0.15562310791015624,0.26336218261718747,10.259154113769531,1588111372.3326998
0.5770026000976562,-0.18435352783203124,9.13627353515625,0.2825157958984375,0.3112462158203125,7.8170684204101555,1588111372.3476565
-0.0526724365234375,0.28730419921875,9.91438907470703,0.14604630126953125,0.1484405029296875,10.505756884765624,1588111372.362647
0.6967126831054687,0.2753331909179687,8.576030346679687,-0.10773907470703124,0.430956298828125,7.8362220336914055,1588111372.3777184
-0.22744915771484372,-0.13646949462890623,10.625466967773438,0.20829554443359374,0.3112462158203125,9.730035546875,1588111372.3928022
0.7733271362304687,-0.13646949462890623,7.8170684204101555,-0.7541735229492187,0.316034619140625,9.011775048828124,1588111372.4078908
-0.0526724365234375,-0.01915361328125,10.958260998535156,0.9528922607421875,0.354341845703125,8.473079675292968,1588111372.4230702
0.5339069702148437,0.22744915771484372,8.317456567382813,-1.2641384765625,0.25139117431640623,10.838550915527343,1588111372.4380958
0.967257470703125,0.19871873779296872,9.153032946777342,0.8978256225585937,0.3016694091796875,8.042123376464843,1588111372.4532135
-0.39264907226562495,-0.35673604736328124,10.295067138671874,0.0047884033203125,0.8068459594726562,9.572018237304688,1588111372.468184
1.1731588134765625,-0.16759411621093748,7.963114721679687,-1.0127473022460938,0.39983167724609375,9.6917283203125,1588111372.4831796
-0.7206546997070312,0.6081272216796875,10.709264025878905,0.8403647827148437,0.4285620971679687,7.702146740722656,1588111372.4981453
1.388636962890625,0.4429273071289062,8.48505068359375,-1.0319009155273438,0.4525041137695312,10.350133776855468,1588111372.5131488
0.6392518432617187,-0.28490999755859375,9.842563024902343,0.6967126831054687,0.4165910888671875,7.896077075195312,1588111372.5281303
-0.5793968017578125,-0.3806780639648437,10.235212097167969,0.7876923461914062,0.689530078125,8.169016064453125,1588111372.5484033
0.8714894042968749,0.4070142822265625,9.696516723632811,-0.603338818359375,0.5985504150390625,9.91438907470703,1588111372.5634449
0.3136404174804687,0.23223756103515625,8.257601525878906,0.7781155395507812,-0.33518823242187495,9.622296472167967,1588111372.5784054
0.023942016601562498,-0.3447650390625,11.159373937988281,-0.1771709228515625,0.21787235107421873,7.568071447753906,1588111372.593464
0.8020575561523438,-0.181959326171875,8.528146313476562,-0.47644613037109373,1.0797849487304687,11.135431921386719,1588111372.6084275
-0.2059013427734375,0.354341845703125,9.188945971679686,0.41898529052734373,-0.27293898925781246,7.79552060546875,1588111372.6234672
0.2442085693359375,-0.07422025146484375,10.005368737792969,-1.0462661254882812,0.10295067138671875,9.900023864746093,1588111372.6383896
0.9720458740234375,-0.4213794921875,8.999804040527343,0.488417138671875,0.5746083984375,8.892064965820312,1588111372.6533203
-0.2825157958984375,0.09337386474609374,9.105148913574219,0.488417138671875,0.6655880615234374,9.586383447265625,1588111372.66863
0.6919242797851562,0.12449848632812499,9.354145886230468,-0.33758243408203126,0.16280571289062498,8.963891015625,1588111372.6836095
0.411802685546875,-0.2561795776367187,8.813056311035156,0.105344873046875,0.08140285644531249,9.085995300292968,1588111372.698544
0.1149216796875,-0.12210428466796874,9.835380419921874,0.181959326171875,0.4285620971679687,9.366116894531249,1588111372.7134917
0.2059013427734375,0.35194764404296874,8.942343200683593,-0.18435352783203124,0.4070142822265625,8.793902697753905,1588111372.7286642
0.3064578125,0.10295067138671875,9.665392102050781,-0.09576806640624999,0.181959326171875,8.836998327636719,1588111372.74377
0.316034619140625,-0.239420166015625,9.469067565917967,0.08379705810546874,-0.13646949462890623,9.928754284667969,1588111372.7586904
0.26815058593749996,-0.09816226806640624,8.901641772460938,0.2657563842773437,0.38786066894531246,8.961496813964843,1588111372.773768
0.3184288208007812,0.2561795776367187,9.619902270507811,0.07900865478515624,0.47644613037109373,9.210493786621093,1588111372.7886825
0.44532150878906246,0.00239420166015625,9.105148913574219,0.07900865478515624,0.20350714111328125,8.987833032226561,1588111372.803756
0.02154781494140625,-0.316034619140625,9.425971936035156,0.14604630126953125,0.047884033203124995,8.896853369140624,1588111372.8186727
0.47165772705078124,-0.0718260498046875,9.871293444824218,-0.6464344482421874,0.28969840087890625,8.55448253173828,1588111372.8337584
0.40222587890625,0.18435352783203124,9.382876306152344,0.03591302490234375,0.42377369384765623,9.13627353515625,1588111372.8486588
0.239420166015625,0.33518823242187495,9.045293872070312,-0.6368576416015624,0.24899697265624998,9.502586389160156,1588111372.8637555
0.3232172241210937,-0.20350714111328125,9.677363110351562,-0.22266075439453123,0.34715924072265625,8.022969763183593,1588111372.878678
0.48123453369140623,-0.39983167724609375,8.449137658691406,-0.29927520751953124,0.2609679809570312,11.429918725585937,1588111372.8937626
0.11731588134765625,0.24899697265624998,10.283096130371094,1.0821791503906248,0.8092401611328125,6.406883642578125,1588111372.9086902
0.39264907226562495,0.4333505004882812,7.9846625366210935,-0.9720458740234375,0.1149216796875,11.731588134765625,1588111372.9237897
0.5506663818359374,-0.27293898925781246,9.873687646484374,2.252943762207031,-0.13168109130859373,7.335833886718749,1588111372.9388654
-0.28969840087890625,-0.5889736083984375,9.172186560058593,-0.8259995727539062,0.39264907226562495,11.044452258300781,1588111372.953914
0.9648632690429687,0.3327940307617187,9.3852705078125,-0.7757213378906249,0.7829039428710937,6.835445739746094,1588111372.9687665
-0.38786066894531246,0.6679822631835937,9.150638745117186,-0.5195417602539062,0.040701428222656245,10.709264025878905,1588111372.9838092
0.7254431030273437,-0.6536170532226562,9.938331091308592,-0.02154781494140625,-0.8667010009765624,8.607154968261717,1588111372.9986978
-0.22026655273437498,-0.1197100830078125,8.487444885253906,0.02633621826171875,0.6943184814453125,8.834604125976561,1588111373.0136113
0.5482721801757812,0.6775590698242188,9.995791931152343,-0.3016694091796875,1.2976572998046874,9.320627062988281,1588111373.028529
0.2753331909179687,-0.3112462158203125,9.203311181640624,0.1292868896484375,-0.59376201171875,9.418789331054686,1588111373.0434825
0.5817910034179687,-0.488417138671875,9.1554271484375,-0.16041151123046873,-0.02633621826171875,9.267954626464844,1588111373.058417
0.5291185668945312,0.6464344482421874,9.583989245605467,0.11252747802734374,1.1851298217773436,8.489839086914062,1588111373.0733867
0.3591302490234375,0.18435352783203124,8.91840118408203,-0.5267243652343749,0.19632453613281248,9.964667309570311,1588111373.0883403
0.21787235107421873,-0.6775590698242188,9.516951599121093,0.45489831542968745,-0.11013327636718749,8.781931689453124,1588111373.1033487
-0.023942016601562498,0.0,9.217676391601563,-0.55545478515625,0.5602431884765625,8.322244970703125,1588111373.1183033
0.6775590698242188,0.3806780639648437,9.524134204101562,-0.06464344482421874,0.5003881469726562,9.947907897949218,1588111373.133319
0.02154781494140625,-0.143652099609375,9.483432775878907,0.41419688720703124,-0.36391865234375,7.970297326660156,1588111373.1482484
0.5195417602539062,-0.33039982910156246,9.133879333496093,-0.12210428466796874,0.45968671875,9.919177478027343,1588111373.1632712
0.6177040283203125,0.36152445068359373,9.835380419921874,0.45968671875,0.7565677246093749,7.9463553100585935,1588111373.1782537
0.11731588134765625,0.02633621826171875,8.712499841308594,-0.4261678955078125,-0.5434837768554687,10.87206973876953,1588111373.1932824
0.46208092041015625,-0.3280056274414062,9.593566052246093,0.3950432739257812,0.22026655273437498,7.50821640625,1588111373.208458
-0.040701428222656245,0.3064578125,9.157821350097656,-0.8571241943359375,1.024718310546875,10.321403356933594,1588111373.2234735
0.7517793212890624,0.181959326171875,9.835380419921874,0.6943184814453125,0.19153613281249998,8.664615808105468,1588111373.238431
-0.40462008056640625,-0.3280056274414062,8.2743609375,0.1580173095703125,-0.17477672119140625,10.486603271484375,1588111373.2583468
0.27293898925781246,0.16519991455078123,9.629479077148437,0.031124621582031248,0.8499415893554687,7.790732202148437,1588111373.2733524
0.5291185668945312,0.34237083740234375,8.444349255371094,-0.14125789794921875,0.4429273071289062,10.793061083984375,1588111373.288238
0.22026655273437498,-0.18914193115234373,10.158597644042969,0.6727706665039062,0.047884033203124995,7.577648254394531,1588111373.3032055
0.10773907470703124,-0.28490999755859375,8.695740429687499,-0.5602431884765625,0.2825157958984375,10.364498986816406,1588111373.318113
0.7422025146484375,0.16759411621093748,9.983820922851562,0.6512228515624999,0.33039982910156246,8.145074047851562,1588111373.3331327
-0.05985504150390625,0.4860229370117187,8.240842114257813,-0.23223756103515625,0.181959326171875,9.911994873046874,1588111373.3480172
0.5889736083984375,-0.3136404174804687,10.69968721923828,-0.011971008300781249,0.25139117431640623,8.851363537597656,1588111373.3639169
0.3758896606445312,-0.1005564697265625,7.972691528320312,-0.24899697265624998,0.4333505004882812,10.012551342773437,1588111373.3794196
0.5817910034179687,0.18435352783203124,9.9981861328125,0.15322890625,0.2657563842773437,8.384494213867187,1588111373.3943942
0.18435352783203124,-0.062249243164062495,8.810662109374999,-0.19632453613281248,0.00718260498046875,9.93354268798828,1588111373.4167929
0.5530605834960938,0.16519991455078123,8.566453540039062,-0.5961562133789062,0.5147533569335937,8.729259252929687,1588111373.4318156
0.03591302490234375,0.12210428466796874,9.947907897949218,0.5003881469726562,0.02633621826171875,9.488221179199218,1588111373.4467182
0.23223756103515625,-0.3399766357421875,9.093177905273437,-0.4908113403320312,-0.055066638183593745,9.208099584960937,1588111373.4617147
0.3327940307617187,0.2346317626953125,9.208099584960937,0.36152445068359373,0.5506663818359374,8.916006982421875,1588111373.4766603
0.1580173095703125,0.28730419921875,9.406818322753905,-0.6105214233398437,0.296881005859375,9.603142858886718,1588111373.492368
0.679953271484375,-0.5291185668945312,9.509768994140625,0.16519991455078123,-0.181959326171875,8.528146313476562,1588111373.5072305
-0.06943184814453125,-0.016759411621093748,9.287108239746093,0.33039982910156246,0.7062894897460937,9.2320416015625,1588111373.5223851
0.7589619262695312,0.5003881469726562,8.939948999023438,-0.3950432739257812,0.2753331909179687,9.433154541015625,1588111373.5373187
-0.00718260498046875,-0.44053310546874996,9.811438403320311,0.229843359375,-0.18914193115234373,8.468291271972657,1588111373.5523503
0.5003881469726562,-0.258573779296875,9.026140258789061,-0.6751648681640625,0.7637503295898437,9.706093530273437,1588111373.5672197
0.30406361083984373,0.4740519287109375,9.181763366699219,0.430956298828125,0.4070142822265625,8.901641772460938,1588111373.5823014
0.062249243164062495,-0.02633621826171875,9.753977563476562,-0.852335791015625,-0.25139117431640623,9.04050546875,1588111373.5971289
0.6392518432617187,-0.36391865234375,8.947131604003905,0.201112939453125,-0.0047884033203125,9.236830004882812,1588111373.6121805
-0.01915361328125,0.28969840087890625,9.370905297851563,0.2346317626953125,0.4165910888671875,8.573636145019531,1588111373.627072
0.7589619262695312,0.011971008300781249,9.636661682128906,-0.32082302246093747,0.04548983154296875,10.153809240722655,1588111373.6421778
0.2537853759765625,-0.11013327636718749,8.865728747558594,0.3902548706054687,0.28012159423828126,7.771578588867187,1588111373.6570113
0.16280571289062498,0.16519991455078123,9.665392102050781,-0.5602431884765625,0.47644613037109373,10.158597644042969,1588111373.6720328
0.6105214233398437,0.09816226806640624,8.726865051269531,0.03591302490234375,0.36152445068359373,8.298302954101562,1588111373.6868556
-0.19393033447265623,-0.21308394775390624,10.103531005859374,-0.316034619140625,0.08140285644531249,9.612719665527344,1588111373.701821
0.8906430175781249,0.0047884033203125,8.80347950439453,-0.1771709228515625,0.5219359619140624,8.367734802246094,1588111373.7167337
-0.12449848632812499,0.277727392578125,9.37808790283203,0.17238251953125,0.411802685546875,9.588777648925781,1588111373.7317462
0.5339069702148437,-0.16998831787109375,9.519345800781249,-0.33758243408203126,-0.009576806640625,8.966285217285156,1588111373.7466528
0.13407529296874998,-0.201112939453125,8.90643017578125,0.5291185668945312,0.40222587890625,9.172186560058593,1588111373.7617345
0.13646949462890623,0.316034619140625,9.97184991455078,-0.143652099609375,0.39264907226562495,8.767566479492187,1588111373.77668
0.5674257934570313,0.1867477294921875,8.731653454589843,0.143652099609375,0.20829554443359374,9.411606726074218,1588111373.7916305
-0.016759411621093748,-0.354341845703125,9.93354268798828,-0.1388636962890625,-0.229843359375,8.772354882812499,1588111373.806544
0.49320554199218747,-0.15083470458984374,8.978256225585938,-0.43574470214843747,0.5195417602539062,9.397241516113281,1588111373.8215628
0.06703764648437499,0.40462008056640625,9.533711010742186,0.22744915771484372,0.55545478515625,9.14824454345703,1588111373.8366244
0.15322890625,0.055066638183593745,9.306261853027344,-0.28490999755859375,0.033518823242187495,8.939948999023438,1588111373.851635
0.488417138671875,-0.45489831542968745,9.282319836425781,-0.040701428222656245,-0.009576806640625,9.49300958251953,1588111373.8669355
0.24181436767578124,0.18435352783203124,9.375693701171874,0.181959326171875,0.48123453369140623,8.750807067871094,1588111373.882075
0.5482721801757812,0.1292868896484375,9.421183532714844,-0.201112939453125,0.12689268798828124,9.253589416503905,1588111373.8969977
0.24181436767578124,-0.258573779296875,9.260772021484375,-0.09576806640624999,0.13646949462890623,8.779537487792968,1588111373.9121242
0.18435352783203124,-0.10773907470703124,9.447519750976562,-0.13407529296874998,0.4477157104492187,9.303867651367186,1588111373.9270368
0.3280056274414062,-0.0047884033203125,9.313444458007812,0.105344873046875,0.4644751220703125,8.916006982421875,1588111373.9421244
0.13646949462890623,0.06703764648437499,9.267954626464844,-0.11731588134765625,0.24181436767578124,9.150638745117186,1588111373.95696
0.40462008056640625,-0.10295067138671875,9.483432775878907,-0.086191259765625,0.28012159423828126,9.210493786621093,1588111373.9719956
0.3232172241210937,-0.062249243164062495,9.1554271484375,0.05027823486328125,0.26336218261718747,9.129090930175781,1588111373.9916773
0.3854664672851562,0.08858546142578125,9.409212524414063,0.296881005859375,0.4644751220703125,9.035717065429687,1588111374.006641
0.3711012573242187,0.0526724365234375,9.150638745117186,0.07422025146484375,0.12689268798828124,9.179369165039063,1588111374.0215926
0.28730419921875,-0.1580173095703125,9.504980590820312,0.10295067138671875,0.16519991455078123,8.975862023925782,1588111374.0366201
0.373495458984375,-0.11013327636718749,9.069235888671875,0.18435352783203124,0.4525041137695312,9.0788126953125,1588111374.0516047
0.2537853759765625,0.143652099609375,9.323021264648437,0.1771709228515625,0.5410895751953124,8.985438830566405,1588111374.0665793
0.27293898925781246,0.011971008300781249,9.2320416015625,0.18914193115234373,0.3902548706054687,9.193734375,1588111374.081585
0.35673604736328124,-0.11013327636718749,9.397241516113281,0.033518823242187495,0.2154781494140625,9.009380847167968,1588111374.0965123
0.277727392578125,0.076614453125,9.318232861328125,-0.23702596435546874,0.26815058593749996,9.291896643066405,1588111374.1115339
0.44053310546874996,0.040701428222656245,9.260772021484375,-0.181959326171875,0.3399766357421875,8.99501563720703,1588111374.1265357
0.28490999755859375,-0.1388636962890625,9.442731347656249,0.239420166015625,0.22266075439453123,9.212887988281249,1588111374.1415312
0.30885201416015623,-0.03591302490234375,9.188945971679686,0.023942016601562498,0.5961562133789062,9.083601098632812,1588111374.1564617
0.2346317626953125,-0.00239420166015625,9.394847314453125,-0.08858546142578125,0.30406361083984373,8.992621435546875,1588111374.1714933
0.21787235107421873,-0.055066638183593745,9.275137231445312,-0.02154781494140625,0.105344873046875,9.507374792480467,1588111374.186473
0.29927520751953124,-0.06943184814453125,9.406818322753905,-0.11731588134765625,0.19871873779296872,9.085995300292968,1588111374.2014945
0.23702596435546874,0.02154781494140625,9.215282189941405,-0.10295067138671875,0.40940848388671874,8.911218579101561,1588111374.216406
0.38307226562499996,0.023942016601562498,9.402029919433593,-0.016759411621093748,0.16041151123046873,9.112331518554686,1588111374.2315176
0.27293898925781246,-0.05985504150390625,9.320627062988281,0.19393033447265623,0.36631285400390623,8.767566479492187,1588111374.2464542
0.3112462158203125,0.08858546142578125,9.361328491210937,-0.2753331909179687,0.44532150878906246,9.358934289550781,1588111374.261499
0.24660277099609373,-0.023942016601562498,9.26316622314453,0.201112939453125,0.3758896606445312,9.052476477050782,1588111374.2765205
0.21068974609375,-0.1149216796875,9.270348828125,0.13168109130859373,0.05985504150390625,9.294290844726563,1588111374.291558
0.35194764404296874,-0.0383072265625,9.313444458007812,-0.13168109130859373,0.28490999755859375,9.107543115234375,1588111374.3065555
0.24899697265624998,0.0383072265625,9.337386474609374,-0.10295067138671875,0.21787235107421873,9.246406811523437,1588111374.3215742
0.430956298828125,0.016759411621093748,9.318232861328125,-0.143652099609375,0.09816226806640624,9.107543115234375,1588111374.3366199
0.3399766357421875,-0.047884033203124995,9.409212524414063,0.02633621826171875,0.181959326171875,9.179369165039063,1588111374.3516583
0.34715924072265625,0.0047884033203125,9.267954626464844,-0.07900865478515624,0.2561795776367187,9.090783703613281,1588111374.36659
0.2753331909179687,0.12449848632812499,9.411606726074218,0.17956512451171874,0.28490999755859375,9.074024291992187,1588111374.3818476
0.33039982910156246,-0.1292868896484375,9.3086560546875,-0.24660277099609373,0.0,8.858546142578124,1588111374.396713
0.33758243408203126,-0.0430956298828125,9.320627062988281,0.17477672119140625,0.33758243408203126,9.323021264648437,1588111374.4116776
0.316034619140625,0.076614453125,9.303867651367186,0.12689268798828124,0.488417138671875,9.107543115234375,1588111374.4271703
0.34237083740234375,0.033518823242187495,9.2320416015625,-0.0526724365234375,0.13168109130859373,9.244012609863281,1588111374.442308
0.28490999755859375,-0.10295067138671875,9.334992272949219,-0.10773907470703124,0.24181436767578124,9.129090930175781,1588111374.4572403
0.2920926025390625,-0.011971008300781249,9.332598071289063,-0.02154781494140625,0.2705447875976562,9.279925634765624,1588111374.472354
